调整日期,上次调整日期,周期天数,推断调价窗口数,标准窗口天数,推断类型,汽油,汽油涨跌,汽油价格_CNY_per_ton,国内调价幅度_CNY_per_ton,汇率日期,USD_CNY,汇率间隔天数,p_i_prime_国内汽油价格_USD_per_bbl,p_prev_prime_上一国内汽油价格_USD_per_bbl,delta_p_i_prime_国内调价幅度_USD_per_bbl,delta_p_i_prime_价格差_USD_per_bbl,布伦特均价_USD_per_bbl,布伦特样本天数,迪拜均价_USD_per_bbl,迪拜样本天数,米纳斯均价_USD_per_bbl,米纳斯样本天数,米纳斯来源集合,p_i_布伦特迪拜米纳斯433均价_USD_per_bbl,p_prev_上一窗口433均价_USD_per_bbl,delta_p_i_国际433价格变动_USD_per_bbl,433样本天数
2026-05-09,2026-04-22,17.0,1,14,标准单窗口,1.009万,↑320,10089.999999999998,320.0,2026-05-08,6.8006,1,202.41372651534354,195.2077593985443,6.419464071844394,7.205967116799229,117.61142857142856,7,103.21916666666665,12,97.08909090909088,11,商务部,106.68242857142857,96.5141,10.168328571428574,7
2026-04-22,2026-04-08,14.0,1,14,标准单窗口,9770,↓555,9770.0,-555.0,2026-04-22,6.828,0,195.2077593985443,206.14561219164327,-11.089079474533479,-10.937852793098955,113.324,10,103.251,10,67.364,10,商务部,96.5141,104.678625,-8.164524999999998,10
2026-04-08,2026-03-24,15.0,1,14,标准单窗口,1.032万,↑420,10320.0,420.0,2026-04-08,6.8297,0,206.14561219164327,196.05310753082443,8.389647007799436,10.092504660818832,122.22888888888889,9,120.88181818181819,11,65.46000000000001,10,商务部,104.678625,101.0023,3.6763249999999914,8
2026-03-24,2026-03-10,14.0,1,14,标准单窗口,9905,↑1160,9905.0,1160.0,2026-03-24,6.8925,0,196.05310753082443,173.47791135213268,22.96028316363012,22.575196178691755,106.579,10,129.10899999999998,10,65.46000000000001,10,商务部,101.0023,78.99377777777778,22.008522222222226,10
2026-03-10,2026-02-25,13.0,1,14,标准单窗口,8745,↑695,8745.0,695.0,2026-03-10,6.8772,0,173.47791135213268,159.86992744387743,13.786980947939645,13.60798390825525,83.73111111111112,9,86.21111111111111,9,65.46,9,商务部,78.99377777777778,67.19899999999998,11.794777777777796,9
2026-02-25,2026-02-04,21.0,2,14,多窗口但偏离较大,8050,↑175,8050.0,175.0,2026-02-25,6.8695,0,159.86992744387743,154.76561960469854,3.4754332053016834,5.104307839178887,71.05866666666665,15,67.66571428571429,14,62.11500000000001,10,商务部,67.19899999999998,65.78649999999999,1.4124999999999943,10
2026-02-04,2026-01-21,14.0,1,14,标准单窗口,7875,↑205,7875.0,205.0,2026-02-04,6.9418,0,154.76561960469854,150.2584356937092,4.028819303995327,4.50718391098934,69.463,10,63.161,10,63.510000000000005,10,商务部,65.78649999999999,63.21529411764706,2.5712058823529276,10
2026-01-21,2025-12-23,29.0,2,14,疑似跨多窗口,7670,↑85,7670.0,85.0,2026-01-21,6.9639,0,150.2584356937092,147.22750803806875,1.6651847501910408,3.030927655640454,64.63055555555555,18,61.18055555555556,18,63.693,20,商务部,63.21529411764706,62.650400000000005,0.5648941176470572,17
2025-12-23,2025-12-09,14.0,1,14,标准单窗口,7585,↓170,7585.0,-170.0,2025-12-23,7.0285,0,147.22750803806875,149.7792769139358,-3.299759573694355,-2.5517688758670545,61.714999999999996,10,61.818000000000005,10,64.73,10,商务部,62.650400000000005,64.08166666666666,-1.4312666666666587,10
2025-12-09,2025-11-25,14.0,1,14,标准单窗口,7755,↓55,7755.0,-55.0,2025-12-09,7.0636,0,149.7792769139358,150.3922976344062,-1.0622643752761405,-0.6130207204703879,63.888999999999996,10,63.733333333333334,9,64.73,10,商务部,64.08166666666666,64.78,-0.6983333333333377,9
2025-11-25,2025-11-11,14.0,1,14,标准单窗口,7810,↓70,7810.0,-70.0,2025-11-25,7.0847,0,150.3922976344062,151.04521467579073,-1.3479463296297611,-0.6529170413845407,63.451,10,64.66499999999999,10,66.73,8,商务部,64.78,65.72175000000001,-0.9417500000000132,8
2025-11-11,2025-10-28,14.0,1,14,标准单窗口,7880,↑125,7880.0,125.0,2025-11-11,7.1173,0,151.04521467579073,149.0260871366581,2.39602180640531,2.0191275391326258,64.393,10,65.27100000000002,10,67.93,8,商务部,65.72175000000001,64.4295,1.29225000000001,8
2025-10-28,2025-10-14,14.0,1,14,标准单窗口,7755,↓265,7755.0,-265.0,2025-10-28,7.0993,0,149.0260871366581,153.2614787974592,-5.092445272883868,-4.235391660801099,63.029999999999994,10,64.122,10,67.93,8,商务部,64.4295,68.30055172413793,-3.871051724137928,8
2025-10-14,2025-08-27,48.0,3,14,多窗口但偏离较大,8020,↓75,8020.0,-75.0,2025-10-14,7.139,0,153.2614787974592,154.36389594183896,-1.4332432555872123,-1.102417144379757,67.37529411764706,34,68.45515151515151,33,69.28733333333335,30,商务部,68.30055172413793,69.9705,-1.669948275862069,29
2025-08-27,2025-07-16,42.0,3,14,疑似跨多窗口,8095,↓180,8095.0,-180.0,2025-08-27,7.1543,0,154.36389594183896,157.24026928807,-3.4324275811650415,-2.8763733462310483,69.14689655172414,29,69.73166666666665,30,71.14000000000001,25,商务部,69.9705,70.40388888888887,-0.43338888888887084,24
2025-07-16,2025-07-02,14.0,1,14,标准单窗口,8275,↓130,8275.0,-130.0,2025-07-16,7.1796,0,157.24026928807,160.01808194806793,-2.4702398800542724,-2.7778126599979203,71.12199999999999,10,70.21000000000001,9,69.62666666666667,9,商务部,70.40388888888887,68.34988888888888,2.053999999999988,9
2025-07-02,2025-06-18,14.0,1,14,标准单窗口,8405,↑235,8405.0,235.0,2025-07-02,7.1658,0,160.01808194806793,155.03345819377634,4.474033225198806,4.98462375429159,71.549,10,69.4111111111111,9,64.33000000000001,10,商务部,68.34988888888888,69.0058,-0.6559111111111093,9
2025-06-18,2025-06-04,14.0,1,14,标准单窗口,8170,↑260,8170.0,260.0,2025-06-18,7.1894,0,155.03345819377634,150.1874514074292,4.93374530359631,4.8460067863471465,72.256,10,67.78200000000001,10,65.896,10,商务部,69.0058,65.4701,3.5356999999999914,10
2025-06-04,2025-05-20,15.0,1,14,标准单窗口,7910,↑65,7910.0,65.0,2025-06-04,7.1852,0,150.1874514074292,148.24561378644523,1.2341573124504295,1.9418376209839607,65.58200000000002,10,63.851,10,66.94000000000001,11,商务部,65.4701,68.27911111111109,-2.80901111111109,10
2025-05-20,2025-04-18,32.0,2,14,多窗口但偏离较大,7845,↓230,7845.0,-230.0,2025-05-20,7.2195,0,148.24561378644523,150.90299135326794,-4.346270385071053,-2.657377566822703,64.959,20,64.94409090909092,22,75.27400000000002,20,商务部,68.27911111111109,69.95266666666666,-1.6735555555555663,18
2025-04-18,2025-04-03,15.0,1,14,标准单窗口,8075,↓480,8075.0,-480.0,2025-04-18,7.3003,0,150.90299135326794,160.2726437190837,-8.970084934931096,-9.369652365815767,66.988,10,67.5311111111111,9,76.20000000000002,10,商务部,69.95266666666666,74.88680000000001,-4.9341333333333495,9
2025-04-03,2025-03-20,14.0,1,14,标准单窗口,8555,↑230,8555.0,230.0,2025-04-03,7.2821,0,160.2726437190837,156.68885820066757,4.308908013487931,3.5837855184161356,74.92099999999999,10,73.52799999999999,10,76.20000000000002,10,商务部,74.88680000000001,73.271,1.6158000000000072,10
2025-03-20,2025-03-06,14.0,1,14,标准单窗口,8325,↓280,8325.0,-280.0,2025-03-20,7.2484,0,156.68885820066757,161.97228141337106,-5.270015651193625,-5.283423212703497,71.861,10,71.35,10,77.072,10,商务部,73.271,75.3817,-2.1106999999999942,10
2025-03-06,2025-02-20,14.0,1,14,标准单窗口,8605,↓135,8605.0,-135.0,2025-03-06,7.2478,0,161.97228141337106,164.3206818503614,-2.541110748495653,-2.348400436990346,73.33,10,75.119,10,78.38,10,商务部,75.3817,76.59690476190477,-1.2152047619047721,10
2025-02-20,2025-01-17,34.0,2,14,多窗口但偏离较大,8740,↓170,8740.0,-170.0,2025-02-20,7.2563,0,164.3206818503614,165.9412062297942,-3.1961688689429564,-1.6205243794327941,77.04416666666667,24,79.04409090909093,22,73.98956521739132,23,商务部,76.59690476190477,77.7893,-1.19239523809523,21
2025-01-17,2025-01-03,14.0,1,14,标准单窗口,8910,↑340,8910.0,340.0,2025-01-17,7.3252,0,165.9412062297942,159.70928660862046,6.332212134470261,6.231919621173745,80.465,10,78.751,10,73.25999999999999,10,商务部,77.7893,73.73234285714285,4.056957142857144,10
2025-01-03,2024-11-07,57.0,4,14,疑似跨多窗口,8570,↑70,8570.0,70.0,2025-01-03,7.3206,0,159.70928660862046,162.37509916342822,1.304509925624671,-2.665812554807758,74.04078947368419,38,72.73789473684211,38,74.22717948717946,39,商务部,73.73234285714285,74.26277777777779,-0.5304349206349315,35
2024-11-07,2024-10-24,14.0,1,14,标准单窗口,8500,↓145,8500.0,-145.0,2024-11-07,7.1416,0,162.37509916342822,165.64835561576763,-2.7699281621996574,-3.2732564523394103,74.279,10,74.393,10,73.75,9,商务部,74.26277777777779,74.54911111111113,-0.28633333333334576,9
2024-10-24,2024-10-11,13.0,1,14,标准单窗口,8645,↑90,8645.0,90.0,2024-10-24,7.1199,0,165.64835561576763,165.1555752004782,1.7245057264799406,0.49278041528941685,74.52777777777777,9,75.37666666666667,9,73.75,9,商务部,74.54911111111113,76.33572727272727,-1.7866161616161378,9
2024-10-11,2024-09-21,20.0,1,14,单窗口但偏离较大,8555,↑140,8555.0,140.0,2024-10-11,7.0668,0,165.1555752004782,162.8099539239124,2.702721277389474,2.345621276565822,76.42933333333333,15,75.23466666666667,15,77.41,11,商务部,76.33572727272727,75.4159,0.9198272727272752,11
2024-09-21,2024-09-06,15.0,1,14,标准单窗口,8415,↓365,8415.0,-365.0,2024-09-20,7.0513,1,162.8099539239124,168.97319569343904,-7.061869659207132,-6.16324176952665,73.543,10,72.869,10,80.46000000000001,10,商务部,75.4159,80.11122222222222,-4.695322222222231,10
2024-09-06,2024-08-09,28.0,2,14,疑似跨多窗口,8780,↓100,8780.0,-100.0,2024-09-06,7.0888,0,168.97319569343904,169.02595878975814,-1.924523868945775,-0.05276309631909726,79.46105263157895,19,76.77947368421053,19,84.32450000000001,20,商务部,80.11122222222222,79.95889999999999,0.15232222222223868,18
2024-08-09,2024-07-26,14.0,1,14,标准单窗口,8880,↓305,8880.0,-305.0,2024-08-09,7.1673,0,169.02595878975814,172.8109634511303,-5.80550871969327,-3.78500466137217,79.553,10,78.869,10,81.59,10,商务部,79.95889999999999,83.50910000000002,-3.550200000000032,10
2024-07-26,2024-07-12,14.0,1,14,标准单窗口,9185,↓145,9185.0,-145.0,2024-07-26,7.2511,0,172.8109634511303,175.5560101571853,-2.72809904196123,-2.745046706055007,84.281,10,84.39899999999999,10,81.59,10,商务部,83.50910000000002,85.30422222222222,-1.7951222222222043,10
2024-07-12,2024-06-28,14.0,1,14,标准单窗口,9330,↑110,9330.0,110.0,2024-07-12,7.2504,0,175.5560101571853,173.08277830298118,2.0697921883483796,2.47323185420413,87.412,10,85.93333333333334,9,82.01400000000001,10,商务部,85.30422222222222,83.66637499999999,1.6378472222222342,9
2024-06-28,2024-06-14,14.0,1,14,标准单窗口,9220,↑210,9220.0,210.0,2024-06-28,7.2673,0,173.08277830298118,169.40862326368853,3.9422324776167077,3.674155039292657,85.88,10,82.46222222222221,9,82.12,9,商务部,83.66637499999999,82.59985000000002,1.0665249999999702,8
2024-06-14,2024-05-16,29.0,2,14,疑似跨多窗口,9010,↓190,9010.0,-190.0,2024-06-14,7.2558,0,169.40862326368853,173.86044822773178,-3.572434896792544,-4.451824964043254,79.66150000000002,20,82.2025,20,87.01285714285711,21,商务部,82.59985000000002,83.49045454545455,-0.8906045454545364,20
2024-05-16,2024-04-30,16.0,1,14,标准单窗口,9200,↓235,9200.0,-235.0,2024-05-16,7.2191,0,173.86044822773178,177.75973113006975,-4.4410005797301055,-3.8992829023379727,82.68727272727273,11,83.74666666666666,12,83.82000000000001,12,商务部,83.49045454545455,85.66433333333333,-2.1738787878787775,11
2024-04-30,2024-04-17,13.0,1,14,标准单窗口,9435,↓70,9435.0,-70.0,2024-04-30,7.2411,0,177.75973113006975,179.13298767043005,-1.318832133450438,-1.3732565403603019,88.40333333333334,9,89.00666666666666,9,78.67,9,商务部,85.66433333333333,87.05999999999999,-1.3956666666666564,9
2024-04-17,2024-04-02,15.0,1,14,标准单窗口,9505,↑200,9505.0,200.0,2024-04-17,7.2389,0,179.13298767043005,175.50679591360577,3.7692369841226734,3.6261917568242836,91.40363636363635,11,89.92727272727274,11,78.66999999999999,10,商务部,87.05999999999999,82.9535,4.106499999999983,10
2024-04-02,2024-03-05,28.0,2,14,疑似跨多窗口,9305,↑200,9305.0,200.0,2024-04-02,7.233,0,175.50679591360577,172.59831108808706,3.7723115725654113,2.9084848255187126,85.47666666666666,18,84.07789473684211,19,78.67000000000002,20,商务部,82.9535,81.18809523809523,1.765404761904776,18
2024-03-05,2024-02-01,33.0,2,14,多窗口但偏离较大,9105,↑125,9105.0,125.0,2024-03-05,7.1968,0,172.59831108808706,170.6223112498282,2.3695539688095426,1.975999838258872,83.82869565217389,23,80.55318181818183,22,78.51636363636366,22,商务部,81.18809523809523,79.6765,1.5115952380952251,21
2024-02-01,2024-01-18,14.0,1,14,标准单窗口,8980,↑200,8980.0,200.0,2024-02-01,7.1802,0,170.6223112498282,166.44903486953723,3.8000514754972867,4.173276380290957,82.55800000000002,10,78.53099999999999,10,76.98,10,商务部,79.6765,79.07911111111112,0.5973888888888865,10
2024-01-18,2024-01-04,14.0,1,14,标准单窗口,8780,↓50,8780.0,-50.0,2024-01-18,7.1963,0,166.44903486953723,168.25734646731507,-0.9478874423094374,-1.8083115977778448,79.014,10,77.48888888888888,9,81.061,10,商务部,79.07911111111112,79.40700000000001,-0.3278888888888929,9
2024-01-04,2023-12-20,15.0,1,14,标准单窗口,8830,↑200,8830.0,200.0,2024-01-04,7.1595,0,168.25734646731507,164.98092042492277,3.8110384250807487,3.276426042392302,78.48375000000001,8,77.27444444444444,9,82.80999999999999,11,商务部,79.40700000000001,78.4263,0.980700000000013,8
2023-12-20,2023-12-06,14.0,1,14,标准单窗口,8630,↓415,8630.0,-415.0,2023-12-20,7.1363,0,164.98092042492277,172.35180545804727,-7.933613206992231,-7.370885033124495,76.785,10,76.23100000000001,10,82.80999999999999,10,商务部,78.4263,82.747,-4.320700000000002,10
2023-12-06,2023-11-22,14.0,1,14,标准单窗口,9045,↓55,9045.0,-55.0,2023-12-06,7.1596,0,172.35180545804727,173.47736250050806,-1.0480209287111775,-1.1255570424607981,79.49999999999999,10,80.84888888888888,9,89.25399999999999,10,商务部,82.747,84.639375,-1.8923750000000013,9
2023-11-22,2023-11-08,14.0,1,14,标准单窗口,9100,↓340,9100.0,-340.0,2023-11-22,7.1564,0,173.47736250050806,176.89386810148582,-6.4815717857332675,-3.4165056009777572,82.24699999999999,10,83.273,10,89.97,8,商务部,84.639375,88.8032,-4.163825000000003,8
2023-11-08,2023-10-25,14.0,1,14,标准单窗口,9440,↓140,9440.0,-140.0,2023-11-08,7.2804,0,176.89386810148582,178.61201646086852,-2.6234260099796627,-1.7181483593826954,87.242,10,86.988,10,92.70000000000002,10,商务部,88.8032,91.72229999999999,-2.919099999999986,10
2023-10-25,2023-10-11,14.0,1,14,标准单窗口,9580,↓70,9580.0,-70.0,2023-10-25,7.3173,0,178.61201646086852,180.34102319292083,-1.3050982413633399,-1.7290067320523121,91.509,10,89.859,10,93.87,10,商务部,91.72229999999999,91.27250000000001,0.449799999999982,10
2023-10-11,2023-09-21,20.0,1,14,单窗口但偏离较大,9650,↓85,9650.0,-85.0,2023-10-11,7.3001,0,180.34102319292083,181.73782581522434,-1.588496059212256,-1.396802622303511,92.38214285714287,14,90.26857142857145,14,89.44200000000001,10,商务部,91.27250000000001,89.28305555555556,1.9894444444444446,10
2023-09-21,2023-08-24,28.0,2,14,疑似跨多窗口,9735,↑385,9735.0,385.0,2023-09-21,7.3078,0,181.73782581522434,175.23626346358017,7.187371642410003,6.501562351644168,91.67421052631579,19,90.65157894736842,19,83.858,20,商务部,89.28305555555556,83.8469,5.436155555555558,18
2023-08-24,2023-08-10,14.0,1,14,标准单窗口,9350,↑55,9350.0,55.0,2023-08-24,7.2792,0,175.23626346358017,175.68251570558218,1.0308015497857657,-0.44625224200200364,85.54099999999998,10,86.425,10,79.01,10,商务部,83.8469,83.59157142857143,0.2553285714285778,10
2023-08-10,2023-07-27,14.0,1,14,标准单窗口,9295,↑240,9295.0,240.0,2023-08-10,7.218,0,175.68251570558218,172.19121892861273,4.536181147857959,3.491296776969449,86.38499999999999,10,85.38999999999999,10,77.36714285714287,7,商务部,83.59157142857143,78.32740000000001,5.264171428571416,7
2023-07-27,2023-07-13,14.0,1,14,标准单窗口,9055,↑275,9055.0,275.0,2023-07-27,7.1742,0,172.19121892861273,167.50345261245292,5.229440663210216,4.687766316159809,81.05499999999999,10,79.758,10,73.26,10,商务部,78.32740000000001,76.32033333333334,2.007066666666674,10
2023-07-13,2023-06-29,14.0,1,14,标准单窗口,8780,↑155,8780.0,155.0,2023-07-13,7.151,0,167.50345261245292,162.24353177363216,2.9570655073952397,5.2599208388207614,77.652,10,77.38555555555556,9,73.272,10,商务部,76.32033333333334,74.3304,1.9899333333333402,9
2023-06-29,2023-06-14,15.0,1,14,标准单窗口,8625,↑70,8625.0,70.0,2023-06-29,7.2525,0,162.24353177363216,162.91931919187294,1.316759098452667,-0.6757874182407875,74.7309090909091,11,75.00800000000001,10,73.29999999999998,11,商务部,74.3304,75.5223,-1.191900000000004,10
2023-06-14,2023-05-31,14.0,1,14,标准单窗口,8555,↓55,8555.0,-55.0,2023-06-14,7.1638,0,162.91931919187294,165.16793867400762,-1.0474064939278798,-2.2486194821346714,74.991,10,74.29299999999998,10,77.46,10,商务部,75.5223,77.14644444444444,-1.6241444444444397,10
2023-05-31,2023-05-17,14.0,1,14,标准单窗口,8610,↑100,8610.0,100.0,2023-05-31,7.1117,0,165.16793867400762,165.8877867953244,1.9183268138676843,-0.7198481213167724,75.43777777777778,9,74.9511111111111,9,81.62,10,商务部,77.14644444444444,76.73245454545453,0.4139898989899109,9
2023-05-17,2023-04-29,18.0,1,14,单窗口但偏离较大,8510,↓380,8510.0,-380.0,2023-05-17,6.9986,0,165.8877867953244,175.46389822399152,-7.4074452388041445,-9.576111428667133,75.48909090909092,11,75.01846153846152,13,80.32538461538462,13,商务部,76.73245454545453,80.84275,-4.110295454545465,11
2023-04-29,2023-04-18,11.0,1,14,标准单窗口,8890,↓160,8890.0,-160.0,2023-04-28,6.9121,1,175.46389822399152,179.55964435682728,-3.157955423603897,-4.095746132835757,82.37125,8,83.6375,8,76.01,8,商务部,80.84275,83.70309999999999,-2.860349999999997,8
2023-04-18,2023-04-01,17.0,1,14,标准单窗口,9050,↑550,9050.0,550.0,2023-04-18,6.876,0,179.55964435682728,168.8190432647458,10.912464574171823,10.740601092081477,86.452,10,85.0690909090909,11,78.7775,12,商务部,83.70309999999999,77.81660000000001,5.886499999999984,10
2023-04-01,2023-03-18,14.0,1,14,标准单窗口,8500,↓335,8500.0,-335.0,2023-03-31,6.869,1,168.8190432647458,175.02150525982708,-6.653456411022335,-6.202461995081279,76.124,10,78.19000000000001,10,79.70000000000002,10,商务部,77.81660000000001,81.07792857142856,-3.2613285714285496,10
2023-03-18,2023-02-04,42.0,3,14,疑似跨多窗口,8835,↓100,8835.0,-100.0,2023-03-17,6.8867,1,175.02150525982708,179.92341806890641,-1.9810017573268488,-4.9019128090793345,81.78066666666669,30,81.6503448275862,29,79.69999999999999,29,商务部,81.07792857142856,81.28527272727273,-0.20734415584416865,28
2023-02-04,2023-01-18,17.0,1,14,标准单窗口,8935,↑210,8935.0,210.0,2023-02-03,6.7749,1,179.92341806890641,176.38197806778547,4.228754090035854,3.5414400011209466,84.24249999999999,12,80.36166666666666,12,78.73,11,商务部,81.28527272727273,79.65777777777778,1.6274949494949453,11
2023-01-18,2023-01-04,14.0,1,14,标准单窗口,8725,↓205,8725.0,-205.0,2023-01-18,6.7485,0,176.38197806778547,176.8495292118983,-4.144218395862008,-0.46755114411283216,80.698,10,78.14333333333333,9,79.94000000000001,10,商务部,79.65777777777778,81.85157142857143,-2.1937936507936513,9
2023-01-04,2022-12-20,15.0,1,14,标准单窗口,8930,↑250,8930.0,250.0,2023-01-04,6.8888,0,176.8495292118983,170.09359870573667,4.950994658787746,6.755930506161633,80.42875000000001,8,77.04444444444445,9,89.3175,8,商务部,81.85157142857143,81.7126,0.13897142857143763,7
2022-12-20,2022-12-06,14.0,1,14,标准单窗口,8680,↓480,8680.0,-480.0,2022-12-20,6.9619,0,170.09359870573667,178.62477642652163,-9.406097624280367,-8.531177720784967,79.462,10,75.59599999999999,10,90.83000000000001,10,商务部,81.7126,86.4128888888889,-4.700288888888906,10
2022-12-06,2022-11-22,14.0,1,14,标准单窗口,9160,↓440,9160.0,-440.0,2022-12-06,6.996,0,178.62477642652163,183.4320117942198,-8.5802294353351,-4.807235367698155,84.332,10,82.63666666666667,9,93.179,10,商务部,86.4128888888889,91.4242,-5.011311111111098,9
2022-11-22,2022-11-08,14.0,1,14,标准单窗口,9600,↓175,9600.0,-175.0,2022-11-22,7.1399,0,183.4320117942198,183.9571695768377,-3.343812714998798,-0.5251577826179243,92.119,10,88.482,10,93.44000000000001,10,商务部,91.4242,93.2789,-1.854699999999994,10
2022-11-08,2022-10-25,14.0,1,14,标准单窗口,9775,↑155,9775.0,155.0,2022-11-08,7.2493,0,183.9571695768377,180.53962279830336,2.9169679063334883,3.4175467785343585,95.777,10,91.41800000000002,10,91.80900000000001,10,商务部,93.2789,92.20195652173913,1.0769434782608585,10
2022-10-25,2022-09-22,33.0,2,14,多窗口但偏离较大,9620,↑185,9620.0,185.0,2022-10-25,7.2694,0,180.53962279830336,181.85332067729308,3.471915823044295,-1.3136978789897285,91.5478260869565,23,91.35652173913044,23,93.9195652173913,23,商务部,92.20195652173913,95.03620000000001,-2.8342434782608734,23
2022-09-22,2022-09-07,15.0,1,14,标准单窗口,9435,↓290,9435.0,-290.0,2022-09-22,7.0781,0,181.85332067729308,190.45382375072182,-5.589556226435081,-8.60050307342874,90.658,10,92.25090909090909,11,103.19,11,商务部,95.03620000000001,98.931,-3.8947999999999894,10
2022-09-07,2022-08-24,14.0,1,14,标准单窗口,9725,↑190,9725.0,190.0,2022-09-07,6.9662,0,190.45382375072182,189.63475332207867,3.7209487416593467,0.8190704286431583,94.8488888888889,9,94.43555555555555,9,109.06999999999998,10,商务部,98.931,100.9574,-2.0264000000000095,8
2022-08-24,2022-08-10,14.0,1,14,标准单窗口,9535,↓205,9535.0,-205.0,2022-08-24,6.8596,0,189.63475332207867,197.62423209087208,-4.077097475723768,-7.989478768793418,98.89399999999999,10,95.596,10,109.06999999999998,10,商务部,100.9574,104.80340000000001,-3.8460000000000036,10
2022-08-10,2022-07-27,14.0,1,14,标准单窗口,9740,↓130,9740.0,-130.0,2022-08-10,6.7238,0,197.62423209087208,199.23372730272155,-2.6376950895085596,-1.6094952118494632,104.624,10,97.653,10,112.19299999999998,10,商务部,104.80340000000001,111.09459999999999,-6.291199999999975,10
2022-07-27,2022-07-13,14.0,1,14,标准单窗口,9870,↓300,9870.0,-300.0,2022-07-27,6.7585,0,199.23372730272155,206.50555023769354,-6.055736392179986,-7.271822934971993,111.28600000000002,10,102.454,10,119.47999999999999,10,商务部,111.09459999999999,111.35711111111111,-0.2625111111111238,10
2022-07-13,2022-06-29,14.0,1,14,标准单窗口,1.017万,↓360,10169.999999999998,-360.0,2022-07-13,6.7187,0,206.50555023769354,214.41224980147013,-7.309930981865259,-7.906699563776584,113.617,10,103.38888888888889,9,117.72,10,商务部,111.35711111111111,114.81099999999999,-3.4538888888888835,9
2022-06-29,2022-06-15,14.0,1,14,标准单窗口,1.053万,↓320,10530.0,-320.0,2022-06-29,6.7,0,214.41224980147013,220.46413980084225,-6.515851845818655,-6.051889999372122,119.18599999999999,10,112.97,9,110.68000000000002,10,商务部,114.81099999999999,117.52000000000001,-2.7090000000000174,9
2022-06-15,2022-05-31,15.0,1,14,标准单窗口,1.085万,↑390,10850.0,390.0,2022-06-15,6.7141,0,220.46413980084225,213.88073715652308,7.924517467495712,6.583402644319165,126.529,10,114.91090909090909,11,107.43909090909092,11,商务部,117.52000000000001,109.92777777777778,7.592222222222233,10
2022-05-31,2022-05-17,14.0,1,14,标准单窗口,1.046万,↑400,10460.0,400.0,2022-05-31,6.672,0,213.88073715652308,203.6959228074255,8.178995684761878,10.184814349097593,117.374,10,107.21222222222222,9,103.55,10,商务部,109.92777777777778,107.81445454545455,2.113323232323225,9
2022-05-17,2022-04-29,18.0,1,14,单窗口但偏离较大,1.006万,↑285,10060.0,285.0,2022-05-17,6.7377,0,203.6959228074255,201.7947657431141,5.770709542755095,1.901157064311377,109.66818181818184,11,105.17833333333333,12,108.28999999999998,12,商务部,107.81445454545455,106.68811111111111,1.1263434343434398,11
2022-04-29,2022-04-16,13.0,1,14,标准单窗口,9775,↑205,9775.0,205.0,2022-04-29,6.6085,0,201.7947657431141,204.9211218559918,4.232012990009043,-3.126356112877687,104.72111111111111,9,103.21600000000001,10,113.03,10,商务部,106.68811111111111,104.30133333333333,2.3867777777777803,9
2022-04-16,2022-04-01,15.0,1,14,标准单窗口,9570,↓545,9570.0,-545.0,2022-04-15,6.3712,1,204.9211218559918,216.9740469238108,-11.67001164174666,-12.05292506781899,104.25666666666667,9,101.33555555555556,9,107.897,10,商务部,104.30133333333333,108.8883,-4.586966666666669,9
2022-04-01,2022-03-18,14.0,1,14,标准单窗口,1.012万,↑110,10120.0,110.0,2022-04-01,6.3631,0,216.9740469238108,214.46527073795525,2.358413553519682,2.508776185855538,117.429,10,110.46900000000001,10,95.91999999999999,10,商务部,108.8883,107.9068,0.9814999999999969,10
2022-03-18,2022-03-04,14.0,1,14,标准单窗口,1万,↑750,10000.0,750.0,2022-03-18,6.3612,0,214.46527073795525,199.78154627247136,16.084895305346645,14.683724465483891,115.93900000000001,10,111.196,10,93.90799999999999,10,商务部,107.9068,98.63122222222222,9.275577777777784,10
2022-03-04,2022-02-18,14.0,1,14,标准单窗口,9255,↑260,9255.0,260.0,2022-03-04,6.32,0,199.78154627247136,193.99720247191473,5.612447545201788,5.784343800556627,106.899,10,99.20111111111113,9,85.86,10,商务部,98.63122222222222,89.42646666666666,9.204755555555565,9
2022-02-18,2022-01-30,19.0,1,14,单窗口但偏离较大,8995,↑210,8995.0,210.0,2022-02-18,6.3256,0,193.99720247191473,188.41366418358118,4.529117567437698,5.583538288333557,95.66866666666668,15,89.806,15,80.72399999999998,15,商务部,89.42646666666666,85.024125,4.402341666666658,15
2022-01-30,2022-01-18,12.0,1,14,标准单窗口,8785,↑310,8785.0,310.0,2022-01-28,6.361,2,188.41366418358118,181.9939189335736,6.648632429927168,6.419745250007566,89.97,8,83.31375,8,80.14,8,商务部,85.024125,81.40036363636362,3.623761363636376,8
2022-01-18,2022-01-01,17.0,1,14,标准单窗口,8475,↑345,8475.0,345.0,2022-01-18,6.353,0,181.9939189335736,174.5001680932431,7.408602009685298,7.493750840330506,83.70833333333333,12,80.08181818181818,11,80.14,12,商务部,81.40036363636362,76.08871428571429,5.311649350649333,11
2022-01-01,2021-12-18,14.0,1,14,标准单窗口,8130,↑140,8130.0,140.0,2021-12-31,6.3561,1,174.5001680932431,170.9653577110961,3.0049229437950844,3.5348103821470147,75.50375,8,72.85888888888888,9,80.14,10,商务部,76.08871428571429,75.61959999999999,0.4691142857142978,7
2021-12-18,2021-12-04,14.0,1,14,标准单窗口,7990,↓130,7990.0,-130.0,2021-12-17,6.3758,1,170.9653577110961,173.73067278358386,-2.7816641429840416,-2.765315072487766,74.275,10,72.755,10,80.277,10,商务部,75.61959999999999,77.3781111111111,-1.7585111111111047,10
2021-12-04,2021-11-20,14.0,1,14,标准单窗口,8120,↓430,8120.0,-430.0,2021-12-03,6.3764,1,173.73067278358386,182.62138191799696,-9.200023312431165,-8.8907091344131,75.619,10,76.54444444444444,9,81.51,10,商务部,77.3781111111111,79.94030000000001,-2.5621888888889117,9
2021-11-20,2021-10-23,28.0,2,14,疑似跨多窗口,8550,↓95,8550.0,-95.0,2021-11-19,6.3872,1,182.62138191799696,184.71413111177822,-2.029126465755522,-2.092749193781259,82.9145,20,81.35749999999999,20,74.5575,20,商务部,79.94030000000001,79.6731,0.26720000000000255,20
2021-10-23,2021-10-10,13.0,1,14,标准单窗口,8645,↑300,8645.0,300.0,2021-10-22,6.385,1,184.71413111177822,176.67712106864823,6.409975631409307,8.037010043129982,84.426,10,81.195,10,71.814,10,商务部,79.6731,74.2946,5.3785000000000025,10
2021-10-10,2021-09-19,21.0,2,14,多窗口但偏离较大,8345,↑345,8345.0,345.0,2021-10-08,6.4438,2,176.67712106864823,168.786177998612,7.304206922550466,7.890943070036229,78.592,15,74.87933333333334,15,67.98,15,商务部,74.2946,71.07287500000001,3.221724999999992,15
2021-09-19,2021-09-07,12.0,1,14,标准单窗口,8000,↑90,8000.0,90.0,2021-09-17,6.4662,2,168.786177998612,166.87701046185944,1.898844502484385,1.9091675367525625,73.345,8,71.13624999999999,8,67.98,8,商务部,71.07287500000001,71.328625,-0.25574999999999193,8
2021-09-07,2021-08-24,14.0,1,14,标准单窗口,7910,↑140,7910.0,140.0,2021-09-07,6.4666,0,166.87701046185944,163.80184892443742,2.953575406404592,3.0751615374220194,72.31333333333333,9,69.8411111111111,9,71.242,10,商务部,71.328625,70.641375,0.6872500000000059,8
2021-08-24,2021-07-27,28.0,2,14,疑似跨多窗口,7770,↓250,7770.0,-250.0,2021-08-24,6.4714,0,163.80184892443742,168.03871746146046,-5.270329759473533,-4.236868537023042,71.3275,20,70.0445,20,72.41125,16,商务部,70.641375,,,16
2021-07-27,2021-07-13,14.0,1,14,标准单窗口,8020,↓100,8020.0,-100.0,2021-07-27,6.5112,0,168.03871746146046,171.24911296333852,-2.0952458536341703,-3.210395501878054,73.53999999999999,10,72.51200000000001,10,,0,,,,,0
2021-07-13,2021-06-29,14.0,1,14,标准单窗口,8120,↑70,8120.0,70.0,2021-07-13,6.4688,0,171.24911296333852,169.90415337351345,1.4762854565805044,1.3449595898250664,76.60799999999999,10,73.21,9,,0,,,,,0
2021-06-29,2021-06-12,17.0,1,14,标准单窗口,8050,↑225,8050.0,225.0,2021-06-29,6.4638,0,169.90415337351345,166.83555968724977,4.748873852054723,3.0685936862636822,74.395,12,71.37583333333333,12,,0,,,67.64871428571429,,0
2021-06-12,2021-05-15,28.0,2,14,疑似跨多窗口,7825,↑175,7825.0,175.0,2021-06-11,6.3987,1,166.83555968724977,162.13142678643877,3.731146702270761,4.704132900811004,69.60263157894737,19,67.95526315789472,19,66.47000000000001,15,商务部,67.64871428571429,67.20810000000002,0.4406142857142754,14
2021-05-15,2021-04-29,16.0,1,14,标准单窗口,7650,↑100,7650.0,100.0,2021-05-14,6.4371,1,162.13142678643877,159.1442851835237,2.1193650560318793,2.9871416029150737,68.736,10,65.82909090909091,11,66.47000000000001,11,商务部,67.20810000000002,63.71672222222222,3.4913777777777995,10
2021-04-29,2021-04-01,28.0,2,14,疑似跨多窗口,7550,↑100,7550.0,100.0,2021-04-29,6.4722,0,159.1442851835237,154.80954073121097,2.107871326934089,4.334744452312719,64.69722222222222,18,62.35526315789474,19,63.524,20,商务部,63.71672222222222,63.1213,0.5954222222222185,18
2021-04-01,2021-03-18,14.0,1,14,标准单窗口,7450,↓225,7450.0,-225.0,2021-04-01,6.5653,0,154.80954073121097,160.93122797404527,-4.675455928123822,-6.121687242834298,63.124,10,64.249,10,61.989999999999995,10,商务部,63.1213,66.93430000000001,-3.8130000000000095,10
2021-03-18,2021-03-04,14.0,1,14,标准单窗口,7675,↑235,7675.0,235.0,2021-03-18,6.5063,0,160.93122797404527,156.8789522847606,4.927535970540799,4.05227568928467,67.72900000000001,10,65.889,10,66.91999999999999,10,商务部,66.93430000000001,63.667555555555545,3.2667444444444627,10
2021-03-04,2021-02-19,13.0,1,14,标准单窗口,7440,↑260,7440.0,260.0,2021-03-04,6.47,0,156.8789522847606,151.68498889646867,5.482328977693247,5.193963388291934,65.44888888888889,9,61.63444444444443,9,63.32555555555555,9,商务部,63.667555555555545,59.81335714285715,3.854198412698395,9
2021-02-19,2021-01-30,20.0,1,14,单窗口但偏离较大,7180,↑275,7180.0,275.0,2021-02-19,6.4577,0,151.68498889646867,146.55617088394342,5.809661830992881,5.128818012525244,61.082666666666675,15,59.08428571428573,14,59.26133333333333,15,商务部,59.81335714285715,54.87011111111111,4.9432460317460425,14
2021-01-30,2021-01-16,14.0,1,14,标准单窗口,6905,↑75,6905.0,75.0,2021-01-29,6.4277,1,146.55617088394342,143.7743486227354,1.5918483441413114,2.7818222612080206,55.20399999999999,10,54.84444444444444,9,54.233000000000004,10,商务部,54.87011111111111,53.930899999999994,0.9392111111111134,9
2021-01-16,2021-01-01,15.0,1,14,标准单窗口,6830,↑185,6830.0,185.0,2021-01-15,6.4809,1,143.7743486227354,138.89843735809026,3.894327158888148,4.87591126464514,54.343999999999994,10,54.073,10,53.238,10,商务部,53.930899999999994,50.070125000000004,3.8607749999999896,10
2021-01-01,2020-12-18,14.0,1,14,标准单窗口,6645,↑90,6645.0,90.0,2021-01-01,6.5267,0,138.89843735809026,136.78874859016813,1.8812429439018998,2.1096887679221368,50.712500000000006,8,49.7825,8,49.50125,8,商务部,50.070125000000004,49.4606,0.609525000000005,8
2020-12-18,2020-12-04,14.0,1,14,标准单窗口,6555,↑155,6555.0,155.0,2020-12-18,6.5376,0,136.78874859016813,133.67691642778183,3.2345165570520304,3.1118321623862926,50.186,10,49.309000000000005,10,48.645,10,商务部,49.4606,46.303666666666665,3.1569333333333347,10
2020-12-04,2020-11-20,14.0,1,14,标准单窗口,6400,↑250,6400.0,250.0,2020-12-04,6.5316,0,133.67691642778183,127.84058133997301,5.221754547960227,5.83633508780882,47.127,10,45.31666666666667,9,46.093,10,商务部,46.303666666666665,42.290800000000004,4.01286666666666,9
2020-11-20,2020-11-06,14.0,1,14,标准单窗口,6150,↑150,6150.0,150.0,2020-11-20,6.563,0,127.84058133997301,123.80759103546374,3.1180629595115366,4.032990304509269,42.43900000000001,10,42.333000000000006,10,42.051,10,商务部,42.290800000000004,38.815799999999996,3.4750000000000085,10
2020-11-06,2020-10-23,14.0,1,14,标准单窗口,6000,↓160,6000.0,-160.0,2020-11-06,6.6115,0,123.80759103546374,125.67775196124622,-3.3015357609456997,-1.8701609257824714,38.271,10,40.144999999999996,10,38.213,10,商务部,38.815799999999996,40.829600000000006,-2.0138000000000105,10
2020-10-23,2020-09-19,34.0,2,14,多窗口但偏离较大,6160,↑80,6160.0,80.0,2020-10-23,6.6868,0,125.67775196124622,122.53378340045718,1.6321785968993014,3.143968560789034,40.8524,25,41.2284,25,40.4004,25,商务部,40.829600000000006,41.96761111111111,-1.1380111111111049,25
2020-09-19,2020-08-22,28.0,2,14,疑似跨多窗口,6080,↓315,6080.0,-315.0,2020-09-18,6.7693,1,122.53378340045718,126.08454644115768,-6.348378580780265,-3.5507630407005024,42.08578947368421,19,42.451578947368425,19,41.429,20,商务部,41.96761111111111,43.42093333333334,-1.4533222222222264,18
2020-08-22,2020-07-11,42.0,3,14,疑似跨多窗口,6395,↑85,6395.0,85.0,2020-08-21,6.9195,1,126.08454644115768,122.94636222367609,1.6758696555900554,3.1381842174815944,43.98033333333333,30,43.461333333333336,30,42.634666666666675,30,商务部,43.42093333333334,42.165875,1.2550583333333378,30
2020-07-11,2020-06-29,12.0,1,14,标准单窗口,6310,↑100,6310.0,100.0,2020-07-10,7.0018,1,122.94636222367609,119.64289082424376,1.9484368022769587,3.3034713994323255,42.803333333333335,9,42.71375,8,40.80555555555556,9,商务部,42.165875,29.67752941176471,12.48834558823529,8
2020-06-29,2020-03-18,103.0,7,14,多窗口但偏离较大,6210,↑120,6210.0,120.0,2020-06-29,7.0811,0,119.64289082424376,117.89201641072356,2.3119399193090584,1.750874413520208,28.59971014492754,69,31.07605633802817,71,29.985,72,商务部,29.67752941176471,44.82150000000001,-15.143970588235298,68
2020-03-18,2020-02-19,28.0,2,14,疑似跨多窗口,6090,↓1015,6090.0,-1015.0,2020-03-18,7.0474,0,117.89201641072356,138.50566983340076,-19.64866940178726,-20.613653422677203,44.475,20,46.01200000000001,20,44.092999999999996,20,商务部,44.82150000000001,54.93355555555556,-10.11205555555555,20
2020-02-19,2020-02-05,14.0,1,14,标准单窗口,7105,↓415,7105.0,-415.0,2020-02-19,6.9983,0,138.50566983340076,147.1107392130757,-8.090056717925592,-8.605069379674944,56.125,10,54.513333333333335,9,54.177,10,商务部,54.93355555555556,62.651,-7.717444444444446,9
2020-02-05,2019-12-31,36.0,3,14,多窗口但偏离较大,7520,↓420,7520.0,-420.0,2020-02-05,6.9738,0,147.1107392130757,155.56348306716956,-8.216291285836675,-8.452743854093853,62.538399999999996,25,64.13916666666667,24,61.514799999999994,25,商务部,62.651,65.8638947368421,-3.2128947368420953,24
2019-12-31,2019-12-03,28.0,2,14,疑似跨多窗口,7940,↑235,7940.0,235.0,2019-12-31,6.9632,0,155.56348306716956,148.8620534474085,4.604208881710939,6.701429619761058,67.65315789473685,19,64.08368421052631,19,65.25842105263158,19,national_oil.csv,65.8638947368421,62.69633333333333,3.1675614035087705,19
2019-12-03,2019-11-19,14.0,1,14,标准单窗口,7705,↑55,7705.0,55.0,2019-12-03,7.0613,0,148.8620534474085,148.50819730306006,1.062610375030171,0.35385614434844115,64.34700000000001,10,61.583333333333336,9,61.75599999999999,10,national_oil.csv,62.69633333333333,61.6047,1.091633333333327,9
2019-11-19,2019-11-05,14.0,1,14,标准单窗口,7650,↑70,7650.0,70.0,2019-11-19,7.0276,0,148.50819730306006,147.525059846421,1.3588985374136215,0.9831374566390707,62.472,10,61.275999999999996,10,60.777,10,national_oil.csv,61.6047,60.225111111111104,1.3795888888888967,10
2019-11-05,2019-10-22,14.0,1,14,标准单窗口,7580,↑105,7580.0,105.0,2019-11-05,7.0097,0,147.525059846421,144.10006061455795,2.043552939825093,3.4249992318630404,61.06600000000001,10,59.88099999999999,10,59.300000000000004,9,national_oil.csv,60.225111111111104,58.83645454545455,1.3886565656565537,9
2019-10-22,2019-09-19,33.0,2,14,多窗口但偏离较大,7475,↓150,7475.0,-150.0,2019-10-22,7.0769,0,144.10006061455795,146.58365501316678,-2.891640012332266,-2.4835943986088296,60.44043478260869,23,59.353043478260865,23,56.569545454545455,22,national_oil.csv,58.83645454545455,60.77609090909091,-1.9396363636363603,22
2019-09-19,2019-09-04,15.0,1,14,标准单窗口,7625,↑125,7625.0,125.0,2019-09-19,7.0966,0,146.58365501316678,143.18392949394217,2.403010737920767,3.399725519224603,63.656363636363636,11,60.061818181818175,11,57.65,11,national_oil.csv,60.77609090909091,57.754333333333335,3.021757575757576,11
2019-09-04,2019-08-21,14.0,1,14,标准单窗口,7500,↑115,7500.0,115.0,2019-09-04,7.146,0,143.18392949394217,142.6412122892174,2.1954869189071133,0.5427172047247666,59.47399999999999,10,58.75333333333333,9,54.265,10,national_oil.csv,57.754333333333335,57.293375,0.4609583333333376,9
2019-08-21,2019-08-07,14.0,1,14,标准单窗口,7385,↓210,7385.0,-210.0,2019-08-21,7.0632,0,142.6412122892174,146.75969472901397,-4.056148216754997,-4.118482439796566,58.434000000000005,10,58.666,10,53.92125,8,national_oil.csv,57.293375,61.29744999999999,-4.004074999999993,8
2019-08-07,2019-07-10,28.0,2,14,疑似跨多窗口,7595,↓80,7595.0,-80.0,2019-08-07,7.0602,0,146.75969472901397,152.34716765376052,-1.5458559023464278,-5.5874729247465496,62.617,20,62.12050000000001,20,58.714999999999996,20,national_oil.csv,61.29744999999999,62.52875,-1.2313000000000116,20
2019-07-10,2019-06-26,14.0,1,14,标准单窗口,7675,↑150,7675.0,150.0,2019-07-10,6.8729,0,152.34716765376052,149.21338372469245,2.9774690746663293,3.1337839290680733,64.91,10,62.59,8,59.49300000000001,10,national_oil.csv,62.52875,61.3812,1.1475500000000025,8
2019-06-26,2019-06-12,14.0,1,14,标准单窗口,7525,↓120,7525.0,-120.0,2019-06-26,6.8801,0,149.21338372469245,150.76890861512868,-2.3794825311578864,-1.5555248904362315,64.48499999999999,10,61.041999999999994,10,57.581999999999994,10,national_oil.csv,61.3812,63.022375,-1.641174999999997,10
2019-06-12,2019-05-28,15.0,1,14,标准单窗口,7645,↓465,7645.0,-465.0,2019-06-12,6.9177,0,150.76890861512868,160.11287740688056,-9.170378352653348,-9.343968791751877,64.7481818181818,11,62.82181818181819,11,59.07625,8,national_oil.csv,63.022375,69.41550000000001,-6.393125000000012,8
2019-05-28,2019-05-14,14.0,1,14,标准单窗口,8110,↑50,8110.0,50.0,2019-05-28,6.9102,0,160.11287740688056,159.91720812331798,0.9871324131127038,0.19566928356258018,71.81777777777779,9,70.40666666666667,9,65.24222222222222,9,national_oil.csv,69.41550000000001,69.32327272727274,0.09222727272727127,8
2019-05-14,2019-04-27,17.0,1,14,标准单窗口,8060,↓75,8060.0,-75.0,2019-05-14,6.876,0,159.91720812331798,164.91168335724265,-1.4880633510234305,-4.994475233924675,71.58916666666667,12,70.33083333333333,12,65.46545454545456,11,national_oil.csv,69.32327272727274,70.27600000000001,-0.9527272727272731,11
2019-04-27,2019-04-13,14.0,1,14,标准单窗口,8135,↑195,8135.0,195.0,2019-04-26,6.7298,1,164.91168335724265,161.568469257997,3.953015151157015,3.3432140992456425,72.01666666666667,9,70.66666666666667,9,67.56444444444443,9,national_oil.csv,70.27600000000001,68.5446,1.7314000000000078,9
2019-04-13,2019-03-29,15.0,1,14,标准单窗口,7940,↓50,7940.0,-50.0,2019-04-12,6.7044,1,161.568469257997,162.39938732951038,-1.0174336855037596,-0.8309180715133664,70.434,10,69.47,10,65.1,10,national_oil.csv,68.5446,65.09810000000002,3.446499999999986,10
2019-03-29,2019-03-01,28.0,2,14,疑似跨多窗口,7990,↑80,7990.0,80.0,2019-03-29,6.7121,0,162.39938732951038,160.91000773181742,1.6260264063029821,1.4893795976929596,66.25999999999999,20,66.71300000000002,20,61.934000000000005,20,national_oil.csv,65.09810000000002,64.154,0.9441000000000201,20
2019-03-01,2019-02-15,14.0,1,14,标准单窗口,7910,↑270,7910.0,270.0,2019-03-01,6.7064,0,160.91000773181742,153.88925895271916,5.4925034244741715,7.0207487790982555,65.57300000000001,10,64.74111111111112,9,61.837,10,national_oil.csv,64.154,60.925272727272734,3.2287272727272622,9
2019-02-15,2019-01-29,17.0,1,14,标准单窗口,7640,↑50,7640.0,50.0,2019-02-15,6.773,0,153.88925895271916,153.79267009545296,1.0071286580675336,0.09658885726619815,62.426153846153845,13,62.17153846153846,13,57.601818181818196,11,national_oil.csv,60.925272727272734,58.699888888888886,2.2253838383838485,11
2019-01-29,2019-01-15,14.0,1,14,标准单窗口,7590,↑245,7590.0,245.0,2019-01-29,6.7329,0,153.79267009545296,148.2097891909965,4.964322025479048,5.582880904456459,60.910000000000004,10,59.087777777777774,9,55.665,10,national_oil.csv,58.699888888888886,55.6952,3.004688888888886,9
2019-01-15,2018-12-29,17.0,1,14,标准单窗口,7345,↑105,7345.0,105.0,2019-01-15,6.761,0,148.2097891909965,143.59550653166175,2.1187240115799364,4.614282659334748,57.355999999999995,10,56.95,11,52.263,10,national_oil.csv,55.6952,53.92385714285716,1.771342857142841,10
2018-12-29,2018-12-15,14.0,1,14,标准单窗口,7240,↓370,7240.0,-370.0,2018-12-28,6.8785,1,143.59550653166175,150.29592794216768,-7.338444394573875,-6.700421410505925,53.61142857142857,7,57.69222222222223,9,49.68625,8,national_oil.csv,53.92385714285716,58.6014,-4.677542857142839,7
2018-12-15,2018-12-01,14.0,1,14,标准单窗口,7610,↓125,7610.0,-125.0,2018-12-14,6.9077,1,150.29592794216768,151.60583111110415,-2.4687241777622817,-1.3099031689364722,59.987999999999985,10,59.81,10,55.544,10,national_oil.csv,58.6014,60.62366666666667,-2.022266666666674,10
2018-12-01,2018-11-17,14.0,1,14,标准单窗口,7735,↓540,7735.0,-540.0,2018-11-30,6.9605,1,151.60583111110415,162.71580244748165,-10.583988209437136,-11.109971336377498,59.934000000000005,10,65.9388888888889,9,56.5,10,national_oil.csv,60.62366666666667,67.28833333333333,-6.664666666666655,9
2018-11-17,2018-11-03,14.0,1,14,标准单窗口,8275,↓510,8275.0,-510.0,2018-11-16,6.938,1,162.71580244748165,173.92998068001216,-10.028405951445999,-11.214178232530514,68.27599999999998,10,69.286,10,64.51333333333335,9,national_oil.csv,67.28833333333333,75.3323,-8.043966666666677,9
2018-11-03,2018-10-20,14.0,1,14,标准单窗口,8785,↓375,8785.0,-375.0,2018-11-02,6.8907,1,173.92998068001216,180.33377143021275,-7.4244442521348395,-6.403790750200585,76.16,10,77.88699999999999,10,71.674,10,national_oil.csv,75.3323,80.71885714285713,-5.386557142857129,10
2018-10-20,2018-10-01,19.0,1,14,单窗口但偏离较大,9160,↑165,9160.0,165.0,2018-10-19,6.9297,1,180.33377143021275,178.65287075897797,3.248370336897937,1.680900671234781,82.82571428571428,14,81.58,14,77.04857142857142,14,national_oil.csv,80.71885714285713,78.25477777777776,2.464079365079371,14
2018-10-01,2018-09-18,13.0,1,14,标准单窗口,8995,↑240,8995.0,240.0,2018-10-01,6.8689,0,178.65287075897797,174.07114207052365,4.766724733980513,4.581728688454319,81.2811111111111,9,77.5688888888889,9,74.90555555555554,9,national_oil.csv,78.25477777777776,75.4199,2.8348777777777627,9
2018-09-18,2018-09-04,14.0,1,14,标准单窗口,8755,↑145,8755.0,145.0,2018-09-18,6.8616,0,174.07114207052365,171.6208859149862,2.882960091402162,2.45025615553746,77.59100000000001,10,75.955,10,71.99000000000001,10,national_oil.csv,75.4199,73.357125,2.062775000000002,10
2018-09-04,2018-08-21,14.0,1,14,标准单窗口,8610,↑180,8610.0,180.0,2018-09-04,6.8443,0,171.6208859149862,167.96182568407684,3.587893085330722,3.659060230909347,75.67999999999999,10,72.80555555555556,9,70.7811111111111,9,national_oil.csv,73.357125,69.61855555555555,3.738569444444451,8
2018-08-21,2018-08-07,14.0,1,14,标准单窗口,8430,↓50,8430.0,-50.0,2018-08-21,6.8472,0,167.96182568407684,169.3388997372731,-0.9962148617086407,-1.377074053196253,70.414,10,71.211,10,66.97777777777777,9,national_oil.csv,69.61855555555555,71.7441,-2.125544444444458,9
2018-08-07,2018-07-24,14.0,1,14,标准单窗口,8480,↑70,8480.0,70.0,2018-08-07,6.8318,0,169.3388997372731,168.93759844858639,1.39784469122749,0.4013012886867102,73.47,10,72.574,10,68.613,10,national_oil.csv,71.7441,71.24499999999999,0.49910000000001276,10
2018-07-24,2018-07-10,14.0,1,14,标准单窗口,8410,↓125,8410.0,-125.0,2018-07-24,6.7915,0,168.93759844858639,175.62752166191086,-2.510963116061034,-6.689923213324477,72.49,10,72.702,10,68.12800000000001,10,national_oil.csv,71.24499999999999,75.6681111111111,-4.423111111111112,10
2018-07-10,2018-06-26,14.0,1,14,标准单窗口,8535,↑270,8535.0,270.0,2018-07-10,6.6299,0,175.62752166191086,171.37962714884702,5.555879419884702,4.247894513063841,76.631,10,74.39333333333333,9,75.595,10,national_oil.csv,75.6681111111111,74.75363636363637,0.9144747474747277,9
2018-06-26,2018-06-09,17.0,1,14,标准单窗口,8265,↓55,8265.0,-55.0,2018-06-26,6.5793,0,171.37962714884702,177.1678698146643,-1.1404572889517952,-5.788242665817279,74.02333333333333,12,73.47916666666667,12,76.69636363636366,11,national_oil.csv,74.75363636363637,74.77175,-0.01811363636362273,11
2018-06-09,2018-05-26,14.0,1,14,标准单窗口,8320,↓130,8320.0,-130.0,2018-06-08,6.4067,1,177.1678698146643,180.35556897657113,-2.7682479658541297,-3.187699161906835,74.58666666666666,9,74.07444444444444,9,75.07888888888888,9,national_oil.csv,74.77175,75.6993,-0.9275499999999965,8
2018-05-26,2018-05-12,14.0,1,14,标准单窗口,8450,↑260,8450.0,260.0,2018-05-25,6.3918,1,180.35556897657113,176.3985502752991,5.549402122356035,3.957018701272034,78.672,10,74.56800000000001,10,72.867,10,national_oil.csv,75.6993,72.44425,3.255049999999997,10
2018-05-12,2018-04-27,15.0,1,14,标准单窗口,8190,↑100,8190.0,100.0,2018-05-11,6.3341,1,176.3985502752991,174.26948343595487,2.153828452689855,2.129066839344233,75.42555555555556,9,71.68400000000001,10,69.15777777777777,9,national_oil.csv,72.44425,70.4541,1.9901499999999999,8
2018-04-27,2018-04-13,14.0,1,14,标准单窗口,8090,↑255,8090.0,255.0,2018-04-27,6.3332,0,174.26948343595487,170.341825059924,5.493043050206241,3.9276583760308768,74.18700000000001,10,68.059,10,67.872,10,national_oil.csv,70.4541,66.88,3.5741000000000014,10
2018-04-13,2018-03-29,15.0,1,14,标准单窗口,7835,↑55,7835.0,55.0,2018-04-13,6.275,0,170.341825059924,168.7480590177466,1.1957626519841507,1.5937660421773785,69.37000000000002,9,66.14,10,64.19000000000001,10,national_oil.csv,66.88,63.5542,3.325799999999994,9
2018-03-29,2018-03-01,28.0,2,14,疑似跨多窗口,7780,↑170,7780.0,170.0,2018-03-29,6.2898,0,168.7480590177466,163.28507776510835,3.6872969194109158,5.462981252638258,66.106,20,61.938,20,61.767999999999994,20,national_oil.csv,63.5542,62.71453846153847,0.8396615384615345,20
2018-03-01,2018-02-10,19.0,1,14,单窗口但偏离较大,7610,↓190,7610.0,-190.0,2018-03-01,6.3582,0,163.28507776510835,168.9910995204401,-4.076762782571693,-5.706021755331733,64.78928571428573,14,62.14692307692307,13,60.54785714285715,14,national_oil.csv,62.71453846153847,64.9719,-2.257361538461538,13
2018-02-10,2018-01-27,14.0,1,14,标准单窗口,7800,↓170,7800.0,-170.0,2018-02-09,6.2969,1,168.9910995204401,172.03765936742036,-3.683139348522412,-3.046559846980273,66.75,10,64.735,10,62.838,10,national_oil.csv,64.9719,67.0621111111111,-2.0902111111110884,10
2018-01-27,2018-01-13,14.0,1,14,标准单窗口,7970,↑65,7970.0,65.0,2018-01-26,6.3202,1,172.03765936742036,166.91607299373953,1.4030674854306553,5.121586373680827,69.71400000000001,10,66.12777777777777,9,64.579,10,national_oil.csv,67.0621111111111,66.08522222222221,0.9768888888888796,9
2018-01-13,2017-12-29,15.0,1,14,标准单窗口,7905,↑180,7905.0,180.0,2018-01-12,6.461,1,166.91607299373953,161.96968216893694,3.8007454951136133,4.946390824802592,68.73222222222222,9,65.42777777777778,9,63.21333333333334,9,national_oil.csv,66.08522222222221,61.631629629629636,4.453592592592578,9
2017-12-29,2017-11-17,42.0,3,14,疑似跨多窗口,7725,↑70,7725.0,70.0,2017-12-29,6.5067,0,161.96968216893694,157.59315742245036,1.467686440365772,4.376524746486581,63.94892857142857,28,60.852142857142844,28,59.34379310344828,29,national_oil.csv,61.631629629629636,61.095400000000005,0.5362296296296307,27
2017-11-17,2017-11-03,14.0,1,14,标准单窗口,7655,↑265,7655.0,265.0,2017-11-17,6.6268,0,157.59315742245036,151.85804170527334,5.455543659954193,5.735115717177024,62.904999999999994,10,61.043000000000006,10,58.735,10,national_oil.csv,61.095400000000005,56.05820833333333,5.037191666666672,10
2017-11-03,2017-09-30,34.0,2,14,多窗口但偏离较大,7390,↑150,7390.0,150.0,2017-11-03,6.639,0,151.85804170527334,148.45367656807576,3.0823689114737483,3.4043651371975727,57.934400000000004,25,55.5208,25,54.098749999999995,24,national_oil.csv,56.05820833333333,55.2127,0.8455083333333349,24
2017-09-30,2017-09-16,14.0,1,14,标准单窗口,7240,↑210,7240.0,210.0,2017-09-29,6.6534,1,148.45367656807576,146.36515361741164,4.305976806532585,2.088522950664128,57.891999999999996,10,53.563,10,53.29,10,national_oil.csv,55.2127,51.09959259259259,4.113107407407405,10
2017-09-16,2017-08-05,42.0,3,14,疑似跨多窗口,7030,↑95,7030.0,95.0,2017-09-15,6.5526,1,146.36515361741164,140.6021502498704,1.9779074813163735,5.763003367541245,52.708999999999996,30,51.07241379310344,29,48.95928571428572,28,national_oil.csv,51.09959259259259,49.22,1.8795925925925943,27
2017-08-05,2017-07-22,14.0,1,14,标准单窗口,6935,↑175,6935.0,175.0,2017-08-04,6.729,1,140.6021502498704,136.28653898056098,3.547999465569909,4.315611269309414,50.996,10,48.792,10,47.279999999999994,10,national_oil.csv,49.22,46.343777777777774,2.876222222222225,10
2017-07-22,2017-06-24,28.0,2,14,疑似跨多窗口,6760,↑75,6760.0,75.0,2017-07-21,6.7669,1,136.28653898056098,133.39849006478576,1.5120547963819633,2.888048915775215,47.356,20,46.80947368421053,19,44.45947368421053,19,national_oil.csv,46.343777777777774,45.1109,1.232877777777773,18
2017-06-24,2017-06-10,14.0,1,14,标准单窗口,6685,↓250,6685.0,-250.0,2017-06-23,6.8367,1,133.39849006478576,139.17503221997322,-4.988724385369699,-5.776542155187457,45.40399999999999,10,46.631,10,43.199999999999996,10,national_oil.csv,45.1109,47.67566666666667,-2.564766666666671,10
2017-06-10,2017-05-26,15.0,1,14,标准单窗口,6935,↓180,6935.0,-180.0,2017-06-09,6.798,1,139.17503221997322,141.58767805521137,-3.612329603402333,-2.412645835238152,48.755,10,48.67111111111111,9,45.934999999999995,10,national_oil.csv,47.67566666666667,50.58720000000001,-2.911533333333338,9
2017-05-26,2017-05-12,14.0,1,14,标准单窗口,7115,↑140,7115.0,140.0,2017-05-26,6.8556,0,141.58767805521137,137.92052858976882,2.7859838268066883,3.6671494654425487,52.166999999999994,10,50.581999999999994,10,48.486000000000004,10,national_oil.csv,50.58720000000001,49.20327777777778,1.3839222222222318,10
2017-05-12,2017-04-13,29.0,2,14,疑似跨多窗口,6975,↓250,6975.0,-250.0,2017-05-12,6.8994,0,137.92052858976882,143.05882539299103,-4.943388121497091,-5.138296803222204,49.583999999999996,20,50.807500000000005,20,46.94388888888889,18,national_oil.csv,49.20327777777778,52.20136363636363,-2.9980858585858527,18
2017-04-13,2017-03-29,15.0,1,14,标准单窗口,7225,↑200,7225.0,200.0,2017-04-13,6.89,0,143.05882539299103,139.09871949975943,3.9601058932315856,3.9601058932315993,53.65090909090909,11,52.72636363636364,11,49.74363636363636,11,national_oil.csv,52.20136363636363,49.548599999999986,2.6527636363636447,11
2017-03-29,2017-03-15,14.0,1,14,标准单窗口,7025,↓230,7025.0,-230.0,2017-03-29,6.89,0,139.09871949975943,143.1396989599495,-4.554121777216324,-4.040979460190073,50.385000000000005,10,51.15,10,46.832,10,national_oil.csv,49.548599999999986,52.6978947368421,-3.1492947368421156,10
2017-03-15,2017-02-15,28.0,2,14,疑似跨多窗口,7255,↓85,7255.0,-85.0,2017-03-15,6.9147,0,143.1396989599495,145.7356546230179,-1.6770329995307662,-2.595955663068395,53.595000000000006,20,53.45263157894737,19,50.922999999999995,20,national_oil.csv,52.6978947368421,53.82635714285714,-1.1284624060150392,19
2017-02-15,2017-01-26,20.0,1,14,单窗口但偏离较大,7340,↑50,7340.0,50.0,2017-02-15,6.8711,0,145.7356546230179,144.51995496448944,0.9927496908924925,1.2156996585284503,54.89714285714286,14,54.17357142857143,14,52.05142857142857,14,national_oil.csv,53.82635714285714,53.4865,0.3398571428571415,14
2017-01-26,2017-01-13,13.0,1,14,标准单窗口,7290,↓70,7290.0,-70.0,2017-01-26,6.8817,0,144.51995496448944,145.5101470097319,-1.3877087582324086,-0.990192045242452,54.52222222222222,9,53.5825,8,51.98666666666666,9,national_oil.csv,53.4865,53.7621,-0.2755999999999972,8
2017-01-13,2016-12-29,15.0,1,14,标准单窗口,7360,↑240,7360.0,240.0,2017-01-13,6.9005,0,145.5101470097319,139.65617786657887,4.744896098143431,5.853969143153023,54.55499999999999,10,53.568,10,52.899,10,national_oil.csv,53.7621,52.94925,0.8128499999999974,10
2016-12-29,2016-12-15,14.0,1,14,标准单窗口,7120,↑100,7120.0,100.0,2016-12-29,6.9553,0,139.65617786657887,137.9128276591209,1.9614631722834113,1.7433502074579792,54.1425,8,51.96888888888889,9,52.35222222222222,9,national_oil.csv,52.94925,51.9634,0.9858499999999992,8
2016-12-15,2016-12-01,14.0,1,14,标准单窗口,7020,↑435,7020.0,435.0,2016-12-15,6.9443,0,137.9128276591209,130.45275426177858,8.545880346398517,7.460073397342313,52.57899999999999,10,51.378,10,51.727999999999994,10,national_oil.csv,51.9634,45.69311111111111,6.270288888888892,10
2016-12-01,2016-11-17,14.0,1,14,标准单窗口,6585,↑175,6585.0,175.0,2016-12-01,6.8865,0,130.45275426177858,127.1372873849524,3.4668537579060366,3.3154668768261786,46.842,10,44.72777777777778,9,45.32799999999999,10,national_oil.csv,45.69311111111111,44.71375,0.9793611111111105,9
2016-11-17,2016-10-20,28.0,2,14,疑似跨多窗口,6410,↓365,6410.0,-365.0,2016-11-17,6.8783,0,127.1372873849524,137.02430772791612,-7.239486723168116,-9.887020342963723,45.46300000000001,20,45.043499999999995,20,43.385000000000005,20,national_oil.csv,44.71375,46.976318181818186,-2.262568181818189,20
2016-10-20,2016-09-19,31.0,2,14,疑似跨多窗口,6775,↑355,6775.0,355.0,2016-10-20,6.7454,0,137.02430772791612,131.3417800555052,7.179871475042099,5.682527672410913,48.59086956521739,23,46.99409090909091,22,44.73217391304348,23,national_oil.csv,46.976318181818186,44.428777777777775,2.5475404040404115,22
2016-09-19,2016-09-02,17.0,1,14,标准单窗口,6420,↓155,6420.0,-155.0,2016-09-19,6.6685,0,131.3417800555052,134.2711826575136,-3.1710242848291754,-2.9294026020083948,46.78272727272727,11,43.774,10,42.279999999999994,10,national_oil.csv,44.428777777777775,45.186,-0.7572222222222251,9
2016-09-02,2016-08-19,14.0,1,14,标准单窗口,6575,↑205,6575.0,205.0,2016-09-02,6.6805,0,134.2711826575136,130.61855616831676,4.1864018927437705,3.652626489196848,47.982,10,43.535000000000004,10,43.108999999999995,10,national_oil.csv,45.186,44.01044444444445,1.1755555555555475,10
2016-08-19,2016-08-05,14.0,1,14,标准单窗口,6370,↑175,6370.0,175.0,2016-08-19,6.6532,0,130.61855616831676,126.9671583407534,3.588421872755955,3.6513978275633576,46.11599999999999,10,42.82,10,41.803333333333335,9,national_oil.csv,44.01044444444445,40.33211111111112,3.6783333333333346,9
2016-08-05,2016-07-22,14.0,1,14,标准单窗口,6195,↓220,6195.0,-220.0,2016-08-05,6.6565,0,126.9671583407534,131.02335984130957,-4.508922491519895,-4.0562015005561705,41.714999999999996,10,41.01222222222222,9,37.611000000000004,10,national_oil.csv,40.33211111111112,44.820379310344826,-4.488268199233708,9
2016-07-22,2016-06-09,43.0,3,14,疑似跨多窗口,6415,↓155,6415.0,-155.0,2016-07-22,6.6795,0,131.02335984130957,136.59197005538107,-3.165802147373809,-5.568610214071498,46.65548387096774,31,44.949666666666666,30,42.28399999999999,30,national_oil.csv,44.820379310344826,48.92377777777777,-4.103398467432946,29
2016-06-09,2016-05-26,14.0,1,14,标准单窗口,6570,↑110,6570.0,110.0,2016-06-09,6.562,0,136.59197005538107,134.40745557739965,2.2869279613534124,2.1845144779814234,49.41444444444445,9,46.31777777777778,9,50.983999999999995,10,national_oil.csv,48.92377777777777,48.1288,0.794977777777774,9
2016-05-26,2016-05-12,14.0,1,14,标准单窗口,6460,↑210,6460.0,210.0,2016-05-26,6.557,0,134.40745557739965,130.84033576854065,4.369282611649214,3.5671198088589904,48.331,10,44.248000000000005,10,51.739999999999995,10,national_oil.csv,48.1288,43.9971,4.131699999999995,10
2016-05-12,2016-04-27,15.0,1,14,标准单窗口,6250,↑120,6250.0,120.0,2016-05-12,6.5168,0,130.84033576854065,128.75892569265685,2.5121344467559803,2.0814100758838094,44.65181818181818,11,41.757272727272735,11,45.589,10,national_oil.csv,43.9971,33.70369565217392,10.293404347826083,10
2016-04-27,2016-01-14,104.0,7,14,多窗口但偏离较大,6130,↑165,6130.0,165.0,2016-04-27,6.495,0,128.75892569265685,123.48320088164314,3.465778587159605,5.275724811013703,36.00819444444445,72,32.74140845070423,71,30.986338028169016,71,national_oil.csv,33.70369565217392,33.74337931034483,-0.03968365817090813,69
2016-01-14,2015-12-02,43.0,3,14,疑似跨多窗口,5965,↓140,5965.0,-140.0,2016-01-14,6.5902,0,123.48320088164314,130.16168362400148,-2.898180741564131,-6.678482742358341,35.82413793103448,29,33.459999999999994,29,31.252413793103447,29,national_oil.csv,33.74337931034483,41.46622222222223,-7.7228429118774,29
