调整日期,汽油价格真实值_CNY_per_ton,汽油涨跌真实值_CNY_per_ton,计算日汇率_USD_CNY,理论国内成本_USD_per_bbl_本期10工作日均值,理论国内成本_USD_per_bbl_上期10工作日均值,理论国内成本_CNY_per_ton_本期10工作日均值,理论国内成本_CNY_per_ton_上期10工作日均值,理论国内成本_CNY_per_ton_涨跌值,汽油价格变化率,理论国内成本_CNY_per_ton_变化率,汽油变化率_理论国内成本CNY变化率比值,匹配成本日期,10工作日窗口开始日期,10工作日窗口结束日期
2026-05-09,10089.999999999998,320.0,,,,,,,0.03275332650972351,,,,,
2026-04-22,9770.0,-555.0,,,,,,,-0.053294573643410836,,,,,
2026-04-08,10320.0,420.0,,,,,,,0.0418980312973245,,,,,
2026-03-24,9905.0,1160.0,,,,,,,0.13264722698684972,,,,,
2026-03-10,8745.0,695.0,,,,,,,0.08633540372670812,,,,,
2026-02-25,8050.0,175.0,,,,,,,0.022222222222222143,,,,,
2026-02-04,7875.0,205.0,,,,,,,0.02672750977835725,,,,,
2026-01-21,7670.0,85.0,,,,,,,0.011206328279498967,,,,,
2025-12-23,7585.0,-170.0,,,,,,,-0.02192134107027721,,,,,
2025-12-09,7755.0,-55.0,,,,,,,-0.007042253521126751,,,,,
2025-11-25,7810.0,-70.0,,,,,,,-0.008883248730964466,,,,,
2025-11-11,7880.0,125.0,,,,,,,0.01611863313990969,,,,,
2025-10-28,7755.0,-265.0,,,,,,,-0.03304239401496256,,,,,
2025-10-14,8020.0,-75.0,,,,,,,-0.009264978381717137,,,,,
2025-08-27,8095.0,-180.0,,,,,,,-0.021752265861027187,,,,,
2025-07-16,8275.0,-130.0,,,,,,,-0.015466983938132062,,,,,
2025-07-02,8405.0,235.0,,,,,,,0.028763769889840862,,,,,
2025-06-18,8170.0,260.0,,,,,,,0.03286978508217442,,,,,
2025-06-04,7910.0,65.0,,,,,,,0.008285532186105726,,,,,
2025-05-20,7845.0,-230.0,,,,,,,-0.02848297213622286,,,,,
2025-04-18,8075.0,-480.0,,,,,,,-0.05610753945061364,,,,,
2025-04-03,8555.0,230.0,,,,,,,0.027627627627627716,,,,,
2025-03-20,8325.0,-280.0,,,,,,,-0.03253922138291687,,,,,
2025-03-06,8605.0,-135.0,,,76.19399999999999,,4052.6582077259995,,-0.01544622425629294,,,,,
2025-02-20,8740.0,-170.0,7.2563,76.19399999999999,79.3601,4052.6582077259995,4261.1386711316,-208.4804634056004,-0.019079685746352437,-0.04892599830604338,0.3899702899674036,2025-02-20,2025-02-07,2025-02-20
2025-01-17,8910.0,340.0,7.3252,79.3601,73.437,4261.1386711316,3940.629273126,320.5093980055999,0.03967327887981331,0.08133457267634525,0.48777878304820305,2025-01-17,2025-01-06,2025-01-17
2025-01-03,8570.0,70.0,7.3206,73.437,73.12800000000001,3940.629273126,3828.099278784001,112.5299943419991,0.008235294117647118,0.02939578786936381,0.2801521821508963,2025-01-03,2024-12-18,2025-01-03
2024-11-07,8500.0,-145.0,7.1416,73.12800000000001,74.23769999999999,3828.099278784001,3874.3814516858993,-46.28217290189832,-0.01677270098322725,-0.011945693391072543,1.4040793141201924,2024-11-07,2024-10-24,2024-11-07
2024-10-24,8645.0,90.0,7.1199,74.23769999999999,76.0479,3874.3814516858993,3939.2541469476,-64.87269526170076,0.010520163646990044,-0.016468268571086853,-0.6388141899422367,2024-10-24,2024-10-11,2024-10-24
2024-10-11,8555.0,140.0,7.0668,76.0479,72.4315,3939.2541469476,3743.6966095135003,195.5575374340997,0.016636957813428443,0.052236481166007875,0.31849308073712096,2024-10-11,2024-09-30,2024-10-11
2024-09-21,8415.0,-365.0,7.0513,72.4315,82.4077,3743.6966095135003,4281.9785885608,-538.2819790472995,-0.041571753986332616,-0.1257087040288587,0.3306990896731309,2024-09-20,2024-09-09,2024-09-20
2024-09-06,8780.0,-100.0,7.0888,82.4077,,4281.9785885608,,,-0.011261261261261257,,,2024-09-06,2024-07-10,2024-09-06
2024-08-09,8880.0,-305.0,,,84.9153,,4524.8731844853,,-0.03320631464344037,,,,,
2024-07-26,9185.0,-145.0,7.2697,84.9153,86.0293,4524.8731844853,4572.064313157601,-47.19112867230069,-0.015541264737406246,-0.010321623984267392,1.5056995644381956,2024-07-19,2024-07-08,2024-07-19
2024-07-12,9330.0,110.0,7.2504,86.0293,83.3183,4572.064313157601,4438.3082680546995,133.75604510290123,0.01193058568329719,0.03013671809721452,0.39588204809865846,2024-07-12,2024-07-01,2024-07-12
2024-06-28,9220.0,210.0,7.2673,83.3183,78.0734,4438.3082680546995,4152.334872027601,285.9733960270987,0.023307436182020025,0.06887050414781615,0.3384240680450877,2024-06-28,2024-06-17,2024-06-28
2024-06-14,9010.0,-190.0,7.2558,78.0734,81.8817,4152.334872027601,4332.8522828451,-180.51741081749879,-0.020652173913043526,-0.04166248905650782,0.495701874293504,2024-06-14,2024-06-03,2024-06-14
2024-05-16,9200.0,-235.0,7.2191,81.8817,87.1575,4332.8522828451,4626.0815499225,-293.22926707740044,-0.0249072602013779,-0.06338609985859689,0.39294514502298716,2024-05-16,2024-05-02,2024-05-16
2024-04-30,9435.0,-70.0,7.2411,87.1575,89.4522,4626.0815499225,4746.4354391514,-120.35388922889979,-0.007364544976328213,-0.02535668940867708,0.2904379533792002,2024-04-30,2024-04-17,2024-04-30
2024-04-17,9505.0,200.0,7.2389,89.4522,85.0099,4746.4354391514,4507.045527111,239.3899120403994,0.02149382052659865,0.05311459815535691,0.40466879677279227,2024-04-17,2024-04-03,2024-04-17
2024-04-02,9305.0,200.0,7.233,85.0099,81.9784,4507.045527111,4324.5691530496,182.47637406140075,0.021965952773201458,0.042195272547028706,0.5205785256800823,2024-04-02,2024-03-18,2024-04-02
2024-03-05,9105.0,125.0,7.1968,81.9784,79.95590000000001,4324.5691530496,4208.1482588094,116.42089424019923,0.013919821826280598,0.02766558758866977,0.5031457142078325,2024-03-05,2024-02-21,2024-03-05
2024-02-01,8980.0,200.0,7.1802,79.95590000000001,76.4858,4208.1482588094,4034.5402094182,173.60804939120044,0.02277904328018221,0.04303044222633634,0.5293704201403845,2024-02-01,2024-01-19,2024-02-01
2024-01-18,8780.0,-50.0,7.1963,76.4858,77.0087,4034.5402094182,4041.349963474501,-6.80975405630079,-0.005662514156285381,-0.0016850196389441852,3.3605033587818895,2024-01-18,2024-01-05,2024-01-18
2024-01-04,8830.0,200.0,7.1595,77.0087,74.9212,4041.349963474501,3919.0589695748,122.29099389970088,0.023174971031286296,0.031204172953021247,0.7426881996256354,2024-01-04,2023-12-19,2024-01-04
2023-12-20,8630.0,-415.0,7.1363,74.9212,79.21860000000001,3919.0589695748,4157.381671144801,-238.32270157000085,-0.04588170259812052,-0.0573251917725357,0.8003759111731796,2023-12-20,2023-12-07,2023-12-20
2023-12-06,9045.0,-55.0,7.1596,79.21860000000001,80.7216,4157.381671144801,4234.3655068992,-76.98383575439948,-0.0060439560439560225,-0.01818072521820968,0.33243756623649096,2023-12-06,2023-11-23,2023-12-06
2023-11-22,9100.0,-340.0,7.1564,80.7216,85.87109999999998,4234.3655068992,4582.5397607052,-348.1742538059998,-0.03601694915254239,-0.07597844688475108,0.47404166088279187,2023-11-22,2023-11-08,2023-11-22
2023-11-08,9440.0,-140.0,7.2804,85.87109999999998,89.4284,4582.5397607052,4796.5645815756,-214.0248208703997,-0.014613778705636737,-0.04462043973983054,0.3275131036548641,2023-11-08,2023-10-26,2023-11-08
2023-10-25,9580.0,-70.0,7.3173,89.4284,89.6299,4796.5645815756,4796.0720178167,0.4925637588994505,-0.007253886010362698,0.0001027014934449344,-70.63077436407508,2023-10-25,2023-10-12,2023-10-25
2023-10-11,9650.0,-85.0,7.3001,89.6299,92.3709,4796.0720178167,4947.955701936601,-151.88368411990086,-0.008731381612737565,-0.030696249778561002,0.2844445714289103,2023-10-11,2023-09-28,2023-10-11
2023-09-21,9735.0,385.0,7.3078,92.3709,84.6297,4947.955701936601,4515.5476347192,432.40806721740137,0.04117647058823537,0.09575982852947829,0.4299973299927097,2023-09-21,2023-09-08,2023-09-21
2023-08-24,9350.0,55.0,7.2792,84.6297,84.4092,4515.5476347192,4465.916889048,49.6307456712002,0.00591715976331364,0.011113226444699809,0.5324430121853307,2023-08-24,2023-08-11,2023-08-24
2023-08-10,9295.0,240.0,7.218,84.4092,79.976,4465.916889048,4205.688794735999,260.2280943120004,0.02650469353948104,0.06187526158324208,0.4283568725414392,2023-08-10,2023-07-27,2023-08-10
2023-07-27,9055.0,275.0,7.1742,79.976,76.0413,4205.688794735999,3985.843895079,219.84489965699913,0.031321184510250566,0.05515642494891071,0.5678610341272514,2023-07-27,2023-07-14,2023-07-27
2023-07-13,8780.0,155.0,7.151,76.0413,73.5111,3985.843895079,3903.6000317535004,82.24386332549966,0.017971014492753623,0.02106872186097286,0.8529712723600311,2023-07-13,2023-06-30,2023-07-13
2023-06-29,8625.0,70.0,7.2445,73.5111,72.8018,3903.6000317535004,3822.8701303772004,80.72990137629995,0.008182349503214503,0.021117615462478367,0.3874655979863278,2023-06-28,2023-06-15,2023-06-28
2023-06-14,8555.0,-55.0,7.1638,72.8018,73.4932,3822.8701303772004,3831.1094579252003,-8.239327547999892,-0.006387921022067311,-0.0021506374689858054,2.970245387326818,2023-06-14,2023-05-31,2023-06-14
2023-05-31,8610.0,100.0,7.1117,73.4932,72.7056,3831.1094579252003,3729.7782311328,101.33122679240023,0.011750881316098694,0.027168164033609,0.4325239387380758,2023-05-31,2023-05-17,2023-05-31
2023-05-17,8510.0,-380.0,6.9986,72.7056,80.3376,3729.7782311328,4070.3601779567994,-340.58194682399926,-0.042744656917885315,-0.08367366324691228,0.5108495942355276,2023-05-17,2023-05-03,2023-05-17
2023-04-29,8890.0,-160.0,6.9121,80.3376,83.3183,4070.3601779567994,4199.332303764,-128.97212580720088,-0.0176795580110497,-0.030712531535453613,0.575646393415696,2023-04-28,2023-04-17,2023-04-28
2023-04-18,9050.0,550.0,6.876,83.3183,73.24629999999999,4199.332303764,3687.9343583509994,511.3979454130008,0.06470588235294117,0.13866785460944708,0.4666249617489425,2023-04-18,2023-04-03,2023-04-18
2023-04-01,8500.0,-335.0,6.869,73.24629999999999,77.5042,3687.9343583509994,3912.3741164461994,-224.43975809519998,-0.03791737408036222,-0.0573666401563534,0.6609655712277729,2023-03-31,2023-03-20,2023-03-31
2023-03-18,8835.0,-100.0,6.8867,77.5042,80.6268,3912.3741164461994,4003.9282586555996,-91.5541422094002,-0.011191941801902638,-0.022866079583589105,0.4894560854207405,2023-03-17,2023-02-27,2023-03-17
2023-02-04,8935.0,210.0,6.7749,80.6268,76.7756,4003.9282586555996,3797.820601278,206.10765737759948,0.024068767908309363,0.0542699824494719,0.44350056554226097,2023-02-03,2023-01-19,2023-02-03
2023-01-18,8725.0,-205.0,6.7485,76.7756,76.0086,3797.820601278,3838.0469601744003,-40.22635889640014,-0.02295632698768202,-0.010480944947732551,2.190291724855247,2023-01-18,2023-01-05,2023-01-18
2023-01-04,8930.0,250.0,6.8888,76.0086,74.7957,3838.0469601744003,3816.8789474739,21.168012700500185,0.02880184331797242,0.005545895741469575,5.193361841010805,2023-01-04,2022-12-19,2023-01-04
2022-12-20,8680.0,-480.0,6.9619,74.7957,80.73620000000001,3816.8789474739,4140.207236616001,-323.32828914210086,-0.05240174672489084,-0.07809471136676083,0.671002502061803,2022-12-20,2022-12-07,2022-12-20
2022-12-06,9160.0,-440.0,6.996,80.73620000000001,88.1043,4140.207236616001,4610.9796852081,-470.77244859209895,-0.04583333333333328,-0.10209813981664773,0.44891447988810346,2022-12-06,2022-11-23,2022-12-06
2022-11-22,9600.0,-175.0,7.1399,88.1043,92.7246,4610.9796852081,4927.1412855774,-316.1616003692998,-0.01790281329923271,-0.06416735020259312,0.2790019105153765,2022-11-22,2022-11-09,2022-11-22
2022-11-08,9775.0,155.0,7.2493,92.7246,90.2856,4927.1412855774,4810.8412908912005,116.29999468619917,0.016112266112266127,0.024174564832641687,0.6664966349470974,2022-11-08,2022-10-26,2022-11-08
2022-10-25,9620.0,185.0,7.2694,90.2856,89.2825,4810.8412908912005,4632.1968956225,178.64439526870046,0.019607843137254832,0.03856580350406147,0.5084256350367464,2022-10-25,2022-10-11,2022-10-25
2022-09-22,9435.0,-290.0,7.0781,89.2825,94.14110000000001,4632.1968956225,4807.0560069106,-174.8591112881004,-0.029820051413881776,-0.03637550946706758,0.8197837460085402,2022-09-22,2022-09-08,2022-09-22
2022-09-07,9725.0,190.0,6.9662,94.14110000000001,94.0736,4807.0560069106,4730.1022638848,76.95374302580058,0.019926586261143076,0.016268938541425637,1.2248239926903628,2022-09-07,2022-08-24,2022-09-07
2022-08-24,9535.0,-205.0,6.8596,94.0736,100.29990000000001,4730.1022638848,4943.3261076546005,-213.22384376980062,-0.02104722792607805,-0.04313367945514046,0.48795345521050243,2022-08-24,2022-08-11,2022-08-24
2022-08-10,9740.0,-130.0,6.7238,100.29990000000001,104.56559999999999,4943.3261076546005,5174.794172772,-231.46806511739942,-0.01317122593718334,-0.044729907584596384,0.29446128213596195,2022-08-10,2022-07-20,2022-08-10
2022-07-27,9870.0,-300.0,6.7515,104.56559999999999,109.44300000000001,5174.794172772,5389.856634453001,-215.06246168100097,-0.029498525073746173,-0.03990133249672734,0.7392867162059215,2022-07-22,2022-07-08,2022-07-22
2022-07-13,10169.999999999998,-360.0,6.7187,109.44300000000001,113.2517,5389.856634453001,5561.9042387,-172.04760424699907,-0.0341880341880344,-0.030933219426879655,1.1052206922350427,2022-07-13,2022-06-29,2022-07-13
2022-06-29,10530.0,-320.0,6.7,113.2517,119.6176,5561.9042387,5886.9027914128,-324.9985527128001,-0.029493087557603714,-0.05520705271146553,0.5342268081534177,2022-06-29,2022-06-16,2022-06-29
2022-06-15,10850.0,390.0,6.7141,119.6176,111.5222,5886.9027914128,5454.077947872,432.82484354080043,0.03728489483747599,0.07935802305679807,0.4698314474239167,2022-06-15,2022-05-31,2022-06-15
2022-05-31,10460.0,400.0,6.672,111.5222,105.61890000000001,5454.077947872,5216.236630344901,237.8413175270989,0.03976143141153088,0.04559634356759856,0.8720311389132075,2022-05-31,2022-05-18,2022-05-31
2022-05-17,10060.0,285.0,6.7377,105.61890000000001,102.4372,5216.236630344901,4962.089211346,254.14741899890032,0.029156010230179108,0.05121782543082509,0.5692551369553415,2022-05-17,2022-04-29,2022-05-17
2022-04-29,9775.0,205.0,6.6085,102.4372,101.2235,4962.089211346,4732.570317692001,229.51889365399984,0.0214211076280042,0.04849772496691229,0.44169304111932695,2022-04-29,2022-04-14,2022-04-29
2022-04-16,9570.0,-545.0,6.3784,101.2235,109.59849999999999,4732.570317692001,5111.8409585155,-379.270640823499,-0.05434782608695654,-0.07419453067914705,0.7325044796358745,2022-04-14,2022-04-01,2022-04-14
2022-04-01,10120.0,110.0,6.3631,109.59849999999999,111.1865,5111.8409585155,5184.359202654,-72.51824413850045,0.01200000000000001,-0.013987889593255143,-0.8578849525511212,2022-04-01,2022-03-21,2022-04-01
2022-03-18,10000.0,750.0,6.3612,111.1865,102.73240000000001,5184.359202654,4759.140069440001,425.21913321399916,0.08049702863317121,0.08934789205816207,0.9009393146149516,2022-03-18,2022-03-07,2022-03-18
2022-03-04,9255.0,260.0,6.32,102.73240000000001,93.63340000000001,4759.140069440001,4341.4668988432,417.67317059680045,0.028904947192884833,0.0962055407374156,0.3004499218166477,2022-03-04,2022-02-21,2022-03-04
2022-02-18,8995.0,210.0,6.3256,93.63340000000001,87.51509999999999,4341.4668988432,4080.4904295629995,260.97646928020094,0.0239043824701195,0.0639571330420079,0.373756316663206,2022-02-18,2022-02-07,2022-02-18
2022-01-30,8785.0,310.0,6.361,87.51509999999999,82.586,4080.4904295629995,3845.82272914,234.6677004229996,0.036578171091445455,0.0610188552490758,0.5994568554610744,2022-01-28,2022-01-17,2022-01-28
2022-01-18,8475.0,345.0,6.353,82.586,73.8666,3845.82272914,3441.4606275858,404.36210155419985,0.04243542435424352,0.1174972330971753,0.36116105235556983,2022-01-18,2022-01-05,2022-01-18
2022-01-01,8130.0,140.0,6.3561,73.8666,72.8805,3441.4606275858,3406.0420356269997,35.418591958800334,0.017521902377972465,0.010398753623215518,1.6850002426112214,2021-12-31,2021-12-16,2021-12-31
2021-12-18,7990.0,-130.0,6.3758,72.8805,75.2947,3406.0420356269997,3519.1998868364008,-113.15785120940109,-0.016009852216748777,-0.032154425678595056,0.49790509016637197,2021-12-17,2021-12-06,2021-12-17
2021-12-04,8120.0,-430.0,6.3764,75.2947,81.5035,3519.1998868364008,3815.8452076160006,-296.64532077959984,-0.05029239766081872,-0.07774039685559808,0.6469274623621525,2021-12-03,2021-11-22,2021-12-03
2021-11-20,8550.0,-95.0,6.3872,81.5035,82.8,3815.8452076160006,3875.2097400000002,-59.36453238399963,-0.01098901098901095,-0.015319050159075975,0.7173428427284289,2021-11-19,2021-11-08,2021-11-19
2021-10-23,8645.0,300.0,6.385,82.8,78.46809999999999,3875.2097400000002,3706.2880045774,168.92173542260025,0.035949670461354,0.04557706665374517,0.7887666561445972,2021-10-22,2021-10-11,2021-10-22
2021-10-10,8345.0,345.0,6.4438,78.46809999999999,71.5096,3706.2880045774,3389.3581025616,316.92990201580005,0.04312500000000008,0.09350735225536422,0.46119368113672726,2021-10-08,2021-09-27,2021-10-08
2021-09-19,8000.0,90.0,6.4662,71.5096,70.2942,3389.3581025616,3331.9575923676002,57.40051019399971,0.011378002528444897,0.017227263133686055,0.6604648945192252,2021-09-17,2021-09-06,2021-09-17
2021-09-07,7910.0,140.0,6.4666,70.2942,67.711,3331.9575923676002,3211.8957963820003,120.06179598559993,0.018018018018018056,0.03738035216486235,0.4820184127359573,2021-09-07,2021-08-25,2021-09-07
2021-08-24,7770.0,-250.0,6.4714,67.711,72.4716,3211.8957963820003,3458.8590104736,-246.96321409159964,-0.03117206982543641,-0.07140019681166032,0.4365824075760211,2021-08-24,2021-08-11,2021-08-24
2021-07-27,8020.0,-100.0,6.5112,72.4716,74.29769999999999,3458.8590104736,3522.9223297007993,-64.06331922719937,-0.012315270935960632,-0.018184709520019493,0.6772322055737424,2021-07-27,2021-07-13,2021-07-27
2021-07-13,8120.0,70.0,6.4688,74.29769999999999,73.185,3522.9223297007993,3467.47997799,55.44235171079936,0.008695652173912993,0.01598923485145476,0.5438441710750049,2021-07-13,2021-06-30,2021-07-13
2021-06-29,8050.0,225.0,6.4638,73.185,69.5747,3467.47997799,3263.2253490837,204.25462890629979,0.028753993610223683,0.06259286658325736,0.4593813189874729,2021-06-29,2021-06-16,2021-06-29
2021-06-12,7825.0,175.0,6.3987,69.5747,66.7313,3263.2253490837,3148.6458555159,114.5794935678,0.02287581699346397,0.036390086032405344,0.6286277249548977,2021-06-11,2021-05-28,2021-06-11
2021-05-15,7650.0,100.0,6.4371,66.7313,64.3511,3148.6458555159,3052.8950784486,95.75077706730008,0.013245033112582849,0.031363926570302514,0.4223014960481428,2021-05-14,2021-04-29,2021-05-14
2021-04-29,7550.0,100.0,6.4722,64.3511,61.90169999999999,3052.8950784486,2978.9356833032994,73.95939514530073,0.01342281879194629,0.02482745618169524,0.5406441438749835,2021-04-29,2021-04-16,2021-04-29
2021-04-01,7450.0,-225.0,6.5653,61.90169999999999,66.70340000000002,2978.9356833032994,3181.1637893086013,-202.22810600530192,-0.02931596091205213,-0.06357047904448032,0.4611568349444044,2021-04-01,2021-03-19,2021-04-01
2021-03-18,7675.0,235.0,6.5063,66.70340000000002,63.562200000000004,3181.1637893086013,3014.44369122,166.7200980886014,0.03158602150537626,0.05530708653613181,0.5711026105983957,2021-03-18,2021-03-05,2021-03-18
2021-03-04,7440.0,260.0,6.47,63.562200000000004,61.29269999999999,3014.44369122,2901.2863382306996,113.1573529893003,0.0362116991643453,0.03900247676287871,0.9284461441897561,2021-03-04,2021-02-19,2021-03-04
2021-02-19,7180.0,275.0,6.4577,61.29269999999999,54.9316,2901.2863382306996,2588.1045861956004,313.1817520350992,0.03982621288921062,0.12100815156603173,0.32912008301753337,2021-02-19,2021-02-05,2021-02-19
2021-01-30,6905.0,75.0,6.4277,54.9316,54.221799999999995,2588.1045861956004,2575.8064463346,12.298139861000436,0.010980966325036645,0.0047744813584502666,2.2999286206451797,2021-01-29,2021-01-18,2021-01-29
2021-01-16,6830.0,185.0,6.4809,54.221799999999995,50.7334,2575.8064463346,2427.1219274474,148.68451888719983,0.02784048156508656,0.06125960018974874,0.4544672423400083,2021-01-15,2020-12-31,2021-01-15
2021-01-01,6645.0,90.0,6.5267,50.7334,49.9504,2427.1219274474,2393.6535378432,33.46838960420018,0.013729977116704761,0.013982136125830769,0.9819656305119098,2020-12-31,2020-12-16,2020-12-31
2020-12-18,6555.0,155.0,6.5376,49.9504,47.076299999999996,2393.6535378432,2253.8545027163996,139.7990351268004,0.024218749999999956,0.06202664588965767,0.39045719226997877,2020-12-18,2020-12-07,2020-12-18
2020-12-04,6400.0,250.0,6.5316,47.076299999999996,42.8647,2253.8545027163996,2062.083121313,191.77138140339957,0.04065040650406515,0.09299886091948228,0.43710649896303533,2020-12-04,2020-11-23,2020-12-04
2020-11-20,6150.0,150.0,6.563,42.8647,38.5046,2062.083121313,1866.0212840570002,196.06183725599976,0.02499999999999991,0.10506945388625621,0.23793785039621376,2020-11-20,2020-11-09,2020-11-20
2020-11-06,6000.0,-160.0,6.6115,38.5046,41.1515,1866.0212840570002,2017.009661966,-150.98837790899984,-0.025974025974025983,-0.07485753824393182,0.3469794303064931,2020-11-06,2020-10-26,2020-11-06
2020-10-23,6160.0,80.0,6.6868,41.1515,39.5599,2017.009661966,1962.9214517431003,54.08821022289976,0.013157894736842035,0.02755495395644525,0.47751466969025125,2020-10-23,2020-10-12,2020-10-23
2020-09-19,6080.0,-315.0,6.7693,39.5599,43.841,1962.9214517431003,2223.612670335,-260.69121859189977,-0.04925723221266609,-0.11723769254859706,0.42014842788080387,2020-09-18,2020-09-07,2020-09-18
2020-08-22,6395.0,85.0,6.9195,43.841,42.44029999999999,2223.612670335,2175.8074860857996,47.805184249200465,0.01347068145800323,0.021971238059852682,0.6131052524808678,2020-08-21,2020-08-07,2020-08-21
2020-07-11,6310.0,100.0,6.9942,42.44029999999999,41.4463,2175.8074860857996,2151.2479448369004,24.559541248899222,0.016103059581320522,0.011416415903077626,1.4105179522217193,2020-07-09,2020-06-26,2020-07-09
2020-06-29,6210.0,120.0,7.0811,41.4463,35.2072,2151.2479448369004,1818.7138919824,332.5340528545005,0.019704433497536922,0.18284022259929955,0.10776859280422035,2020-06-29,2020-06-16,2020-06-29
2020-03-18,6090.0,-1015.0,7.0474,35.2072,55.4501,1818.7138919824,2844.4536673039,-1025.7397753215002,-0.1428571428571429,-0.3606104705139185,0.3961536187608536,2020-03-18,2020-03-05,2020-03-18
2020-02-19,7105.0,-415.0,6.9983,55.4501,58.6543,2844.4536673039,2998.2878093022,-153.83414199829986,-0.05518617021276595,-0.051307329977138605,1.0756001186839321,2020-02-19,2020-02-06,2020-02-19
2020-02-05,7520.0,-420.0,6.9738,58.6543,67.2313,2998.2878093022,3431.5027632128003,-433.21495391060034,-0.052896725440806036,-0.12624642432314281,0.4189958307683277,2020-02-05,2020-01-22,2020-02-05
2019-12-31,7940.0,235.0,6.9632,67.2313,62.947900000000004,3431.5027632128003,3258.1410659591006,173.36169725369973,0.030499675535366588,0.05320877572336391,0.5732076169904097,2019-12-31,2019-12-16,2019-12-31
2019-12-03,7705.0,55.0,7.0613,62.947900000000004,61.678399999999996,3258.1410659591006,3177.1967377471997,80.94432821190094,0.007189542483660105,0.02547664966737151,0.2822012539925101,2019-12-03,2019-11-20,2019-12-03
2019-11-19,7650.0,70.0,7.0276,61.678399999999996,60.2669,3177.1967377471997,3096.5796758569,80.61706189029974,0.00923482849604218,0.02603422819016954,0.35471873521986064,2019-11-19,2019-11-06,2019-11-19
2019-11-05,7580.0,105.0,7.0097,60.2669,58.508500000000005,3096.5796758569,3035.0510307545005,61.52864510239942,0.014046822742474818,0.02027268882101918,0.6928939158731996,2019-11-05,2019-10-22,2019-11-05
2019-10-22,7475.0,-150.0,7.0769,58.508500000000005,61.3516,3035.0510307545005,3191.3923142247995,-156.341283470299,-0.01967213114754096,-0.04898842513765811,0.40156692304890423,2019-10-22,2019-10-09,2019-10-22
2019-09-19,7625.0,125.0,7.0966,61.3516,57.696400000000004,3191.3923142247995,3022.1478173520004,169.24449687279912,0.016666666666666607,0.05600139606046506,0.29761162826497223,2019-09-19,2019-09-06,2019-09-19
2019-09-04,7500.0,115.0,7.146,57.696400000000004,57.118700000000004,3022.1478173520004,2957.2210774872005,64.92673986479986,0.015572105619499066,0.02195532162240954,0.7092633798452217,2019-09-04,2019-08-21,2019-09-04
2019-08-21,7385.0,-210.0,7.0632,57.118700000000004,60.2792,2957.2210774872005,3119.5249134672,-162.30383597999935,-0.027649769585253448,-0.052028382680748164,0.5314362692170436,2019-08-21,2019-08-06,2019-08-21
2019-08-07,7595.0,-80.0,7.0602,60.2792,62.677800000000005,3119.5249134672,3157.6045843746,-38.079670907400214,-0.01042345276872969,-0.01205967051600998,0.8643231798822276,2019-08-07,2019-07-25,2019-08-07
2019-07-10,7675.0,150.0,6.8729,62.677800000000005,61.592000000000006,3157.6045843746,3106.1543437360006,51.45024063859955,0.019933554817275656,0.016563967834488436,1.2034287325631774,2019-07-10,2019-06-27,2019-07-10
2019-06-26,7525.0,-120.0,6.8801,61.592000000000006,63.49559999999999,3106.1543437360006,3219.6549438395996,-113.50060010359903,-0.015696533682145186,-0.03525241123144829,0.4452612781318766,2019-06-26,2019-06-13,2019-06-26
2019-06-12,7645.0,-465.0,6.9177,63.49559999999999,69.4573,3219.6549438395996,3518.1349065918,-298.4799627522002,-0.05733662145499385,-0.0848403971641194,0.6758174569135869,2019-06-12,2019-05-24,2019-06-12
2019-05-28,8110.0,50.0,6.9102,69.4573,69.3802,3518.1349065918,3496.837010616,21.297895975799747,0.006203473945409321,0.006090617295327672,1.0185295914370167,2019-05-28,2019-05-13,2019-05-28
2019-05-14,8060.0,-75.0,6.876,69.3802,70.525,3496.837010616,3478.9583328500003,17.878677765999782,-0.009219422249538978,0.005139089363957128,-1.7939797494472778,2019-05-14,2019-04-29,2019-05-14
2019-04-27,8135.0,195.0,6.7298,70.525,68.5666,3478.9583328500003,3369.5857025831997,109.37263026680057,0.024559193954659886,0.032458776811331136,0.7566272166511968,2019-04-26,2019-04-11,2019-04-26
2019-04-13,7940.0,-50.0,6.7044,68.5666,65.86670000000001,3369.5857025831997,3240.6214189231005,128.96428366009923,-0.006257822277847325,0.03979615851053531,-0.15724689296809088,2019-04-12,2019-04-01,2019-04-12
2019-03-29,7990.0,80.0,6.7121,65.86670000000001,64.6929,3240.6214189231005,3180.1678852248,60.45353369830036,0.010113780025284402,0.019009541596583635,0.532037028557387,2019-03-29,2019-03-18,2019-03-29
2019-03-01,7910.0,270.0,6.7064,64.6929,61.21450000000001,3180.1678852248,3039.0605763050003,141.10730891979983,0.035340314136125706,0.04643122615586792,0.7611324761807834,2019-03-01,2019-02-18,2019-03-01
2019-02-15,7640.0,50.0,6.773,61.21450000000001,59.3024,3039.0605763050003,2926.7013552768,112.35922102820041,0.006587615283267567,0.03839107834682842,0.17159234819492342,2019-02-15,2019-01-31,2019-02-15
2019-01-29,7590.0,245.0,6.7329,59.3024,55.7322,2926.7013552768,2761.983612786,164.7177424908,0.03335602450646702,0.05963748000830815,0.5593131115167871,2019-01-29,2019-01-16,2019-01-29
2019-01-15,7345.0,105.0,6.761,55.7322,54.6043,2761.983612786,2753.1163164415,8.867296344499664,0.014502762430939287,0.003220821543770125,4.502814649570157,2019-01-15,2019-01-02,2019-01-15
2018-12-29,7240.0,-370.0,6.8785,54.6043,58.57770000000001,2753.1163164415,2965.9905168657006,-212.87420042420035,-0.048620236530880434,-0.0717717063536516,0.6774290176592233,2018-12-28,2018-12-12,2018-12-28
2018-12-15,7610.0,-125.0,6.9077,58.57770000000001,59.3938,2965.9905168657006,3030.299294117,-64.30877725129949,-0.01616031027795739,-0.021221922658315684,0.7614913379031221,2018-12-14,2018-12-03,2018-12-14
2018-12-01,7735.0,-540.0,6.9605,59.3938,67.4133,3030.299294117,3428.3397746820006,-398.0404805650005,-0.06525679758308156,-0.1161029847462891,0.5620596035983244,2018-11-30,2018-11-19,2018-11-30
2018-11-17,8275.0,-510.0,6.938,67.4133,74.6712,3428.3397746820006,3771.5550213672,-343.2152466851994,-0.05805350028457601,-0.09100099156468966,0.637943601343153,2018-11-16,2018-11-02,2018-11-16
2018-11-03,8785.0,-375.0,6.8907,74.6712,79.6401,3771.5550213672,4045.2950671101003,-273.7400457429003,-0.040938864628821015,-0.06766874633411013,0.604989257916616,2018-11-02,2018-10-22,2018-11-02
2018-10-20,9160.0,165.0,6.9297,79.6401,78.4302,4045.2950671101003,3948.8850417174003,96.41002539269994,0.01834352418009999,0.024414492793330522,0.751337508232447,2018-10-19,2018-10-08,2018-10-19
2018-10-01,8995.0,240.0,6.8689,78.4302,75.4143,3948.8850417174003,3793.0020372504,155.88300446700032,0.027412906910337043,0.04109752721883653,0.6670208347175858,2018-10-01,2018-09-18,2018-10-01
2018-09-18,8755.0,145.0,6.8616,75.4143,73.4272,3793.0020372504,3683.7485637568,109.25347349359981,0.016840882694541204,0.02965823307500104,0.5678316254361223,2018-09-18,2018-09-05,2018-09-18
2018-09-04,8610.0,180.0,6.8443,73.4272,69.8304,3683.7485637568,3504.7861000703997,178.9624636864005,0.021352313167259718,0.051062306964412496,0.4181619365952474,2018-09-04,2018-08-20,2018-09-04
2018-08-21,8430.0,-50.0,6.8472,69.8304,71.8531,3504.7861000703997,3598.1944428914003,-93.40834282100059,-0.005896226415094352,-0.025959781858242326,0.22712927432486413,2018-08-21,2018-08-07,2018-08-21
2018-08-07,8480.0,70.0,6.8318,71.8531,70.9702,3598.1944428914003,3533.0168504890003,65.17759240240002,0.00832342449464929,0.018448140827117543,0.4511795834957205,2018-08-07,2018-07-25,2018-08-07
2018-07-24,8410.0,-125.0,6.7915,70.9702,75.8703,3533.0168504890003,3687.0816394401,-154.06478895109967,-0.014645577035735213,-0.04178502241531468,0.35049824528435447,2018-07-24,2018-07-11,2018-07-24
2018-07-10,8535.0,270.0,6.6299,75.8703,74.29870000000001,3687.0816394401,3583.1490925503003,103.9325468897996,0.03266787658802173,0.029005923059658656,1.1262484741765073,2018-07-10,2018-06-27,2018-07-10
2018-06-26,8265.0,-55.0,6.5793,74.29870000000001,75.1245,3583.1490925503003,3527.9299833194996,55.21910923080077,-0.006610576923076872,0.015651985581313532,-0.42234749634379004,2018-06-26,2018-06-12,2018-06-26
2018-06-09,8320.0,-130.0,6.4067,75.1245,76.1687,3527.9299833194996,3568.6478585178,-40.71787519830059,-0.01538461538461533,-0.011409888790543832,1.348358048622317,2018-06-08,2018-05-24,2018-06-08
2018-05-26,8450.0,260.0,6.3918,76.1687,72.3266,3568.6478585178,3358.0483120498,210.59954646799997,0.031746031746031855,0.06271486497448486,0.506196286302259,2018-05-25,2018-05-14,2018-05-25
2018-05-12,8190.0,100.0,6.3341,72.3266,70.9079,3358.0483120498,3291.7117770123996,66.33653503740061,0.012360939431396822,0.0201525952243633,0.6133671268528816,2018-05-11,2018-04-26,2018-05-11
2018-04-27,8090.0,255.0,6.3332,70.9079,66.7137,3291.7117770123996,3068.5466667750006,223.16511023739895,0.03254626675175487,0.07272664699994347,0.4475150181443147,2018-04-27,2018-04-16,2018-04-27
2018-04-13,7835.0,55.0,6.275,66.7137,65.3389,3068.5466667750006,3012.3999349026,56.14673187240078,0.007069408740359995,0.018638538403173976,0.3792898663747227,2018-04-13,2018-03-29,2018-04-13
2018-03-29,7780.0,170.0,6.2898,65.3389,63.251,3012.3999349026,2947.851185106,64.54874979660008,0.02233902759526929,0.021896882082356184,1.0201921675994854,2018-03-29,2018-03-16,2018-03-29
2018-03-01,7610.0,-190.0,6.3582,63.251,65.0638,2947.851185106,3003.1027754726,-55.25159036660034,-0.024358974358974383,-0.018398168327058095,1.323989101847153,2018-03-01,2018-02-16,2018-03-01
2018-02-10,7800.0,-170.0,6.2969,65.0638,67.3045,3003.1027754726,3118.0200135970003,-114.91723812440023,-0.021329987452948562,-0.03685583723750052,0.5787410910108283,2018-02-09,2018-01-29,2018-02-09
2018-01-27,7970.0,65.0,6.3202,67.3045,65.98429999999999,3118.0200135970003,3124.959041659,-6.939028061999579,0.008222643896268256,-0.0022205180834357074,-3.7030294675852087,2018-01-26,2018-01-15,2018-01-26
2018-01-13,7905.0,180.0,6.461,65.98429999999999,62.6288,3124.959041659,2987.0249389968,137.93410266220008,0.023300970873786353,0.0461777539455448,0.5045929886772766,2018-01-12,2017-12-29,2018-01-12
2017-12-29,7725.0,70.0,6.5067,62.6288,61.127100000000006,2987.0249389968,2969.2148958324005,17.810043164399303,0.009144350097975096,0.005998233132063824,1.5245072835021305,2017-12-29,2017-12-14,2017-12-29
2017-11-17,7655.0,265.0,6.6268,61.127100000000006,57.7555,2969.2148958324005,2810.606143785,158.60875204740069,0.035859269282814576,0.056432222778039165,0.6354396037855408,2017-11-17,2017-11-06,2017-11-17
2017-11-03,7390.0,150.0,6.639,57.7555,55.5015,2810.606143785,2706.776075133,103.83006865199968,0.02071823204419898,0.03835931224820577,0.5401095804361837,2017-11-03,2017-10-23,2017-11-03
2017-09-30,7240.0,210.0,6.6534,55.5015,52.7934,2706.776075133,2535.6964607172,171.07961441580028,0.029871977240398362,0.067468491227618,0.4427544872705019,2017-09-29,2017-09-18,2017-09-29
2017-09-16,7030.0,95.0,6.5526,52.7934,49.4376,2535.6964607172,2438.4389242320003,97.25753648519958,0.013698630136986356,0.03988516403617992,0.3434517687970469,2017-09-15,2017-09-04,2017-09-15
2017-08-05,6935.0,175.0,6.729,49.4376,46.546,2438.4389242320003,2308.745693842,129.69323039000028,0.025887573964497035,0.05617475789383142,0.46083997395100057,2017-08-04,2017-07-24,2017-08-04
2017-07-22,6760.0,75.0,6.7669,46.546,44.8627,2308.745693842,2248.2049785896997,60.54071525230029,0.011219147344801783,0.026928467745978235,0.4166277654798002,2017-07-21,2017-07-10,2017-07-21
2017-06-24,6685.0,-250.0,6.8367,44.8627,48.467800000000004,2248.2049785896997,2415.1184852520005,-166.91350666230073,-0.03604902667627974,-0.06911193288510009,0.5216035085606987,2017-06-23,2017-06-12,2017-06-23
2017-06-10,6935.0,-180.0,6.798,48.467800000000004,50.9641,2415.1184852520005,2561.0249174268,-145.90643217479965,-0.025298664792691494,-0.0569718908949155,0.44405520679232524,2017-06-09,2017-05-25,2017-06-09
2017-05-26,7115.0,140.0,6.8556,50.9641,48.0427,2561.0249174268,2429.6443461054,131.3805713214001,0.02007168458781372,0.05407399298255178,0.37118924423225624,2017-05-26,2017-05-15,2017-05-26
2017-05-12,6975.0,-250.0,6.8994,48.0427,52.39919999999999,2429.6443461054,2646.3534770399997,-216.70913093459967,-0.03460207612456745,-0.08188971458831462,0.42254483726708514,2017-05-12,2017-04-27,2017-05-12
2017-04-13,7225.0,200.0,6.89,52.39919999999999,49.104,2646.3534770399997,2479.9336848,166.41979223999988,0.028469750889679624,0.06710654936461391,0.4242469797544391,2017-04-13,2017-03-31,2017-04-13
2017-03-29,7025.0,-230.0,6.89,49.104,51.537,2479.9336848,2612.1400122869995,-132.20632748699973,-0.03170227429359063,-0.05061226690189913,0.6263753084808193,2017-03-29,2017-03-16,2017-03-29
2017-03-15,7255.0,-85.0,6.9147,51.537,53.92530000000001,2612.1400122869995,2715.9565243239003,-103.8165120369008,-0.011580381471389622,-0.038224659013179285,0.3029557822189305,2017-03-15,2017-03-02,2017-03-15
2017-02-15,7340.0,50.0,6.8711,53.92530000000001,53.5596,2715.9565243239003,2701.6994580156,14.257066308300182,0.006858710562414272,0.0052770733865312724,1.2997186243268528,2017-02-15,2017-02-02,2017-02-15
2017-01-26,7290.0,-70.0,6.8817,53.5596,53.8481,2701.6994580156,2723.6727069865,-21.97324897089993,-0.009510869565217406,-0.0080675071254106,1.17891058754204,2017-01-26,2017-01-13,2017-01-26
2017-01-13,7360.0,240.0,6.9005,53.8481,53.079499999999996,2723.6727069865,2706.1175937455,17.555113241000072,0.03370786516853941,0.00648719526511865,5.196061439646352,2017-01-13,2016-12-30,2017-01-13
2016-12-29,7120.0,100.0,6.9553,53.079499999999996,52.2085,2706.1175937455,2657.5023964115,48.615197334000186,0.014245014245014342,0.018293566696175656,0.7786898247673222,2016-12-29,2016-12-14,2016-12-29
2016-12-15,7020.0,435.0,6.9443,52.2085,46.1848,2657.5023964115,2331.318412716,326.18398369550005,0.06605922551252852,0.1399139568050225,0.4721417864308244,2016-12-15,2016-12-02,2016-12-15
2016-12-01,6585.0,175.0,6.8865,46.1848,42.758300000000006,2331.318412716,2155.7853611437004,175.53305157229943,0.027301092043681807,0.08142417827680881,0.33529465843510625,2016-12-01,2016-11-18,2016-12-01
2016-11-17,6410.0,-365.0,6.8783,42.758300000000006,49.0942,2155.7853611437004,2427.4029222644003,-271.6175611207,-0.0538745387453875,-0.11189636406440584,0.4814681799167142,2016-11-17,2016-11-04,2016-11-17
2016-10-20,6775.0,355.0,6.7454,49.0942,44.500600000000006,2427.4029222644003,2175.1940005630004,252.20892170139996,0.055295950155763274,0.11594778288103091,0.47690390261709525,2016-10-20,2016-10-07,2016-10-20
2016-09-19,6420.0,-155.0,6.6685,44.500600000000006,45.7127,2175.1940005630004,2238.4624649255,-63.2684643624998,-0.02357414448669204,-0.02826425073185468,0.8340622474072258,2016-09-19,2016-09-05,2016-09-19
2016-09-02,6575.0,205.0,6.6805,45.7127,44.0206,2238.4624649255,2146.7946838936,91.66778103190018,0.032182103610675084,0.042699836048431195,0.7536821353171791,2016-09-02,2016-08-19,2016-09-02
2016-08-19,6370.0,175.0,6.6532,44.0206,40.0166,2146.7946838936,1952.4957496069999,194.29893428660012,0.02824858757062154,0.09951311511213734,0.2838679860316838,2016-08-19,2016-08-05,2016-08-19
2016-08-05,6195.0,-220.0,6.6565,40.0166,43.0495,1952.4957496069999,2107.7351613825,-155.2394117755,-0.034294621979734985,-0.07365223801346832,0.46562905493060164,2016-08-05,2016-07-25,2016-08-05
2016-07-22,6415.0,-155.0,6.6795,43.0495,49.0141,2107.7351613825,2357.551742386,-249.81658100350023,-0.023592085235920823,-0.1059644106689549,0.22264159340842493,2016-07-22,2016-07-11,2016-07-22
2016-06-09,6570.0,110.0,6.562,49.0141,48.52,2357.551742386,2332.0075412,25.54420118600001,0.017027863777089758,0.010953738671383384,1.5545252893037345,2016-06-09,2016-05-26,2016-06-09
2016-05-26,6460.0,210.0,6.557,48.52,44.2976,2332.0075412,2116.0141356544,215.99340554560013,0.033600000000000074,0.1020755967108895,0.32916780388916994,2016-05-26,2016-05-13,2016-05-26
2016-05-12,6250.0,120.0,6.5168,44.2976,40.4734,2116.0141356544,1926.87179289,189.14234276439993,0.019575856443719397,0.098160315316421,0.1994273997655405,2016-05-12,2016-04-28,2016-05-12
2016-04-27,6130.0,165.0,6.495,40.4734,30.030700000000003,1926.87179289,1450.6679792962002,476.20381359379985,0.027661357921207053,0.328265199473716,0.08426527687234138,2016-04-27,2016-04-14,2016-04-27
2016-01-14,5965.0,-140.0,6.5902,30.030700000000003,41.2004,1450.6679792962002,1932.4307660815998,-481.7627867853996,-0.0229320229320229,-0.24930403471182183,0.09198416286575838,2016-01-14,2015-12-31,2016-01-14
2015-12-02,6105.0,-145.0,6.3988,41.2004,42.6682,1932.4307660815998,1996.9279540194002,-64.49718793780039,-0.0232,-0.032298204753947624,0.7183061775953475,2015-12-02,2015-11-19,2015-12-02
2015-11-18,6250.0,-85.0,6.3849,42.6682,44.56529999999999,1996.9279540194002,2069.7082136991,-72.78025967969961,-0.013417521704814472,-0.035164502511985773,0.3815643830092898,2015-11-18,2015-11-04,2015-11-18
2015-11-04,6335.0,-125.0,6.3359,44.56529999999999,46.6749,2069.7082136991,2172.2670690381,-102.55885533900027,-0.01934984520123839,-0.047212820560049384,0.40984302508738213,2015-11-04,2015-10-22,2015-11-04
2015-10-21,6460.0,50.0,6.3493,46.6749,45.6613,2172.2670690381,2130.6831964139997,41.58387262410042,0.007800312012480548,0.019516684927204153,0.39967402463969454,2015-10-21,2015-10-08,2015-10-21
2015-09-17,6410.0,90.0,6.366,45.6613,43.90820000000001,2130.6831964139997,2045.6280210254004,85.05517538859931,0.014240506329114,0.04157900386306013,0.34249272483811566,2015-09-17,2015-09-03,2015-09-17
2015-09-02,6320.0,-125.0,6.3559,43.90820000000001,47.2253,2045.6280210254004,2213.9793955142,-168.3513744887996,-0.019394879751745586,-0.07604017220300274,0.2550609656691401,2015-09-02,2015-08-19,2015-09-02
2015-08-19,6445.0,-210.0,6.3958,47.2253,51.114599999999996,2213.9793955142,2326.5884107745997,-112.6090152603997,-0.03155522163786628,-0.04840091815935266,0.651955021472434,2015-08-19,2015-08-04,2015-08-19
2015-08-05,6655.0,-220.0,6.2097,51.114599999999996,55.3615,2326.5884107745997,2519.7732470729998,-193.1848362984001,-0.03200000000000003,-0.07666754797194786,0.41738650637044783,2015-08-05,2015-07-23,2015-08-05
2015-07-22,6875.0,-265.0,6.2094,55.3615,58.452099999999994,2519.7732470729998,2660.270221637,-140.49697456400008,-0.03711484593837533,-0.052813046366975924,0.7027590432954706,2015-07-22,2015-07-08,2015-07-22
2015-07-08,7140.0,-95.0,6.209,58.452099999999994,61.393899999999995,2660.270221637,2792.6722779359,-132.40205629890033,-0.01313061506565305,-0.04741052408654278,0.2769557037944684,2015-07-08,2015-06-25,2015-07-08
2015-06-09,7235.0,-110.0,6.2057,61.393899999999995,63.94749999999999,2792.6722779359,2910.3298280574995,-117.65755012159934,-0.01497617426820963,-0.040427565627546014,0.37044462202308215,2015-06-09,2015-05-26,2015-06-09
2015-05-12,7345.0,255.0,6.2089,63.94749999999999,60.097300000000004,2910.3298280574995,2728.3185599415,182.01126811599943,0.03596614950634702,0.06671188283816165,0.5391265839940147,2015-05-12,2015-04-27,2015-05-12
2015-04-25,7090.0,300.0,6.1935,60.097300000000004,55.0048,2728.3185599415,2503.1752148640003,225.14334507749982,0.044182621502209196,0.08994310256053417,0.4912285683326643,2015-04-24,2015-04-13,2015-04-24
2015-04-11,6790.0,120.0,6.2085,55.0048,53.0558,2503.1752148640003,2417.00737201,86.16784285400036,0.01799100449775115,0.035650633031517165,0.5046475467026376,2015-04-10,2015-03-26,2015-04-10
2015-03-27,6670.0,-240.0,6.215,53.0558,58.39110000000001,2417.00737201,2683.4312013048,-266.42382929480027,-0.0347322720694645,-0.09928476242105755,0.3498247991183997,2015-03-27,2015-03-16,2015-03-27
2015-02-28,6910.0,390.0,6.2696,58.39110000000001,51.657799999999995,2683.4312013048,2363.1650974339996,320.26610387080063,0.059815950920245387,0.1355242188616259,0.44136724360181834,2015-02-27,2015-02-12,2015-02-27
2015-02-10,6520.0,290.0,6.241,51.657799999999995,45.4481,2363.1650974339996,2079.9257065254997,283.2393909084999,0.0465489566613162,0.1361776480861181,0.34182523575292517,2015-02-10,2015-01-28,2015-02-10
2015-01-27,6230.0,-365.0,6.2435,45.4481,49.6274,2079.9257065254997,2254.457398295,-174.5316917695004,-0.055344958301743796,-0.07741627404514062,0.7149008265299972,2015-01-27,2015-01-14,2015-01-27
2015-01-13,6595.0,-180.0,6.1975,49.6274,58.639799999999994,2254.457398295,2671.5207457302,-417.06334743519983,-0.0265682656826568,-0.15611458308971693,0.17018439377561786,2015-01-13,2014-12-30,2015-01-13
2014-12-27,6775.0,-520.0,6.2153,58.639799999999994,65.4117,2671.5207457302,2966.4190905308997,-294.89834480069976,-0.0712816997943797,-0.09941223266194721,0.7170314747559708,2014-12-24,2014-12-11,2014-12-24
2014-12-13,7295.0,-170.0,6.1869,65.4117,79.477,2966.4190905308997,3570.8408100950005,-604.4217195641008,-0.022772940388479546,-0.1692659381105316,0.1345394155651605,2014-12-12,2014-12-01,2014-12-12
2014-11-15,7465.0,-190.0,6.1295,79.477,83.98179999999999,3570.8408100950005,3762.8961731438,-192.05536304879934,-0.024820378837361212,-0.05103924057738274,0.4862999244616501,2014-11-14,2014-11-03,2014-11-14
2014-11-01,7655.0,-245.0,6.1127,83.98179999999999,87.05359999999999,3762.8961731438,3907.7420861119995,-144.84591296819963,-0.031012658227848156,-0.037066395318917755,0.8366785591373671,2014-10-31,2014-10-17,2014-10-31
2014-10-18,7900.0,-300.0,6.124,87.05359999999999,94.76379999999999,3907.7420861119995,4263.916607578999,-356.1745214669995,-0.03658536585365857,-0.0835322437671292,0.4379789672075741,2014-10-17,2014-10-03,2014-10-17
2014-09-30,8200.0,-100.0,6.1385,94.76379999999999,96.9804,4263.916607578999,4364.008412148,-100.0918045690014,-0.012048192771084376,-0.02293574968608625,0.5253018949013598,2014-09-30,2014-09-17,2014-09-30
2014-09-17,8300.0,-140.0,6.139,96.9804,99.9798,4364.008412148,4505.7935458122,-141.78513366419975,-0.016587677725118488,-0.0314672947667517,0.5271402530173965,2014-09-17,2014-09-04,2014-09-17
2014-09-02,8440.0,-105.0,6.1483,99.9798,101.441,4505.7935458122,4566.440565489,-60.64701967679957,-0.012287887653598561,-0.013281026831957754,0.9252212053386241,2014-09-02,2014-08-19,2014-09-02
2014-08-19,8545.0,-190.0,6.1413,101.441,105.10810000000001,4566.440565489,4779.054039719001,-212.61347423000097,-0.021751574127074957,-0.04448861060430742,0.4889245546582422,2014-08-19,2014-08-06,2014-08-19
2014-07-22,8735.0,-245.0,6.203,105.10810000000001,112.0944,4779.054039719001,5119.795478107199,-340.74143838819873,-0.02728285077950998,-0.06655372071897125,0.4099372729995689,2014-07-22,2014-07-09,2014-07-22
2014-06-24,8980.0,165.0,6.2311,112.0944,107.8368,5119.795478107199,4929.602409456,190.1930686511996,0.01871809415768566,0.03858182726590087,0.48515312736960386,2014-06-24,2014-06-11,2014-06-24
2014-05-24,8815.0,70.0,6.2365,107.8368,108.23229999999998,4929.602409456,4940.700700224299,-11.098290768299194,0.008004574042309809,-0.0022462989445597437,-3.563450030413757,2014-05-23,2014-05-09,2014-05-23
2014-05-10,8745.0,-50.0,6.2277,108.23229999999998,109.5261,4940.700700224299,5020.634913608101,-79.93421338380176,-0.005685048322910724,-0.0159211364218389,0.3570755360850113,2014-05-09,2014-04-24,2014-05-09
2014-04-25,8795.0,155.0,6.2537,109.5261,107.80170000000001,5020.634913608101,4909.270444900801,111.36446870730015,0.01793981481481488,0.022684525115737486,0.7908393375345141,2014-04-25,2014-04-10,2014-04-25
2014-03-27,8640.0,-135.0,6.2128,107.80170000000001,108.08579999999999,4909.270444900801,4855.3408125576,53.929632343200865,-0.01538461538461533,0.01110728050309473,-1.3850929019330016,2014-03-27,2014-03-14,2014-03-27
2014-02-27,8775.0,205.0,6.1284,108.08579999999999,107.83720000000001,4855.3408125576,4781.3328984564005,74.00791410119928,0.02392065344224048,0.015478511049730859,1.5454104962283446,2014-02-27,2014-02-14,2014-02-27
2014-01-25,8570.0,-130.0,6.0489,107.83720000000001,107.64439999999999,4781.3328984564005,4775.3093548492,6.023543607200736,-0.014942528735632177,0.0012613933799041632,-11.846049752352009,2014-01-24,2014-01-13,2014-01-24
2014-01-11,8700.0,165.0,6.0521,107.64439999999999,108.56710000000001,4775.3093548492,4831.5213729059005,-56.2120180567008,0.019332161687170446,-0.011634434315436426,-1.6616331454569104,2014-01-10,2013-12-27,2014-01-10
2013-12-13,8535.0,60.0,6.0713,108.56710000000001,108.0027,4831.5213729059005,4823.7414385212005,7.779934384700027,0.0070796460176991705,0.0016128423307624207,4.389546257973332,2013-12-13,2013-12-02,2013-12-13
2013-11-29,8475.0,160.0,6.0932,108.0027,104.51020000000001,4823.7414385212005,4666.9893064252,156.75213209600042,0.019242333132892364,0.03358742045545182,0.5729029759345213,2013-11-29,2013-11-18,2013-11-29
2013-11-15,8315.0,-160.0,6.0922,104.51020000000001,106.8848,4666.9893064252,4778.748329608,-111.75902318279987,-0.01887905604719764,-0.023386672717281898,0.8072570337569528,2013-11-15,2013-11-04,2013-11-15
2013-11-01,8475.0,-75.0,6.0995,106.8848,109.56530000000001,4778.748329608,4916.260202353501,-137.51187274550102,-0.00877192982456143,-0.027970828858828845,0.31360993515187224,2013-11-01,2013-10-21,2013-11-01
2013-09-30,8550.0,-245.0,6.1215,109.56530000000001,113.5062,4916.260202353501,5090.8443289848,-174.5841266312991,-0.027856736782262637,-0.03429374684220876,0.8122978486555033,2013-09-30,2013-09-17,2013-09-30
2013-09-14,8795.0,90.0,6.1188,113.5062,109.93300000000002,5090.8443289848,4931.147502355002,159.69682662979812,0.010338885697874778,0.03238532746252898,0.3192459829173335,2013-09-13,2013-09-02,2013-09-13
2013-08-31,8705.0,235.0,6.1195,109.93300000000002,105.8866,4931.147502355002,4763.9235844862005,167.22391786880144,0.02774498229043676,0.03510214110347376,0.7904071209972737,2013-08-30,2013-08-16,2013-08-30
2013-07-20,8470.0,325.0,6.1379,105.8866,101.872,4763.9235844862005,4579.345865376001,184.57771911019972,0.039901780233271955,0.040306568784370445,0.9899572560178962,2013-07-19,2013-07-08,2013-07-19
2013-07-06,8145.0,-80.0,6.1326,101.872,103.43139999999998,4579.345865376001,4650.050470410799,-70.70460503479808,-0.009726443768997006,-0.015205126371144906,0.6396818764660245,2013-07-05,2013-06-24,2013-07-05
2013-06-22,8225.0,100.0,6.1334,103.43139999999998,100.7218,4650.050470410799,4528.306584999,121.74388541179906,0.012307692307692353,0.026885080134614103,0.4577889389232803,2013-06-21,2013-06-10,2013-06-21
2013-06-07,8125.0,-95.0,6.1335,100.7218,101.2298,4528.306584999,4557.2300492978,-28.923464298800354,-0.011557177615571734,-0.006346720263388339,1.820968490172856,2013-06-07,2013-05-23,2013-06-07
2013-05-10,8220.0,95.0,6.1417,101.2298,98.55699999999999,4557.2300492978,4458.143402790999,99.08664650680112,0.011692307692307669,0.02222598906189699,0.5260646740959806,2013-05-10,2013-04-25,2013-05-10
2013-04-25,8125.0,-395.0,6.1711,98.55699999999999,106.8714,4458.143402790999,4867.8447874680005,-409.70138467700144,-0.04636150234741787,-0.08416484143696512,0.5508416763565117,2013-04-25,2013-04-12,2013-04-25
2013-03-27,8520.0,-310.0,6.214,106.8714,116.275,4867.8447874680005,5313.126475925001,-445.2816884570002,-0.035107587768969384,-0.08380784656165707,0.4189057374614784,2013-03-27,2013-03-14,2013-03-27
2013-02-25,8830.0,300.0,6.2339,116.275,107.2586,5313.126475925001,4902.4632527528,410.66322317220056,0.035169988276670505,0.08376671114089596,0.4198563820598667,2013-02-25,2013-02-08,2013-02-25
2012-11-16,8530.0,-310.0,6.2356,107.2586,113.4442,4902.4632527528,5267.9269759086,-365.4637231557999,-0.03506787330316741,-0.06937524472665368,0.5054810752933384,2012-11-16,2012-11-02,2012-11-16
2012-09-11,8840.0,550.0,6.3351,113.4442,108.2338,5267.9269759086,5046.047216941601,221.87975896699936,0.06634499396863691,0.04397100332752735,1.5088351174170884,2012-09-11,2012-08-29,2012-09-11
2012-08-11,8290.0,390.0,6.3604,108.2338,99.721,5046.047216941601,4658.741246355,387.3059705866008,0.04936708860759498,0.08313532563965187,0.5938160249900923,2012-08-10,2012-07-27,2012-08-10
2012-07-12,7900.0,-420.0,6.3735,99.721,105.50750000000001,4658.741246355,4926.521414745,-267.78016838999974,-0.050480769230769273,-0.05435481668435216,0.9287266945249737,2012-07-12,2012-06-29,2012-07-12
2012-06-10,8320.0,-530.0,6.3702,105.50750000000001,117.6249,4926.521414745,5440.5946003734,-514.0731856284001,-0.059887005649717495,-0.09448841962845722,0.6338025959710436,2012-06-08,2012-05-24,2012-06-08
2012-05-11,8850.0,-330.0,6.3102,117.6249,127.6813,5440.5946003734,5917.5333622811995,-476.93876190779974,-0.03594771241830064,-0.0805975619753736,0.4460148860245224,2012-05-11,2012-04-26,2012-05-11
2012-03-21,9180.0,600.0,6.3228,127.6813,115.33789999999999,5917.5333622811995,5322.046292745699,595.4870695355003,0.06993006993007,0.1118906219111977,0.6249859794824467,2012-03-21,2012-03-08,2012-03-21
2012-02-09,8580.0,300.0,6.2951,115.33789999999999,104.6176,5322.046292745699,4868.1748608864,453.87143185929926,0.03623188405797095,0.09323236014095393,0.38861918762105296,2012-02-09,2012-01-27,2012-02-09
2011-10-10,8280.0,-300.0,6.3483,104.6176,118.03099999999999,4868.1748608864,5654.127398219,-785.9525373325996,-0.034965034965035,-0.13900509874966172,0.2515377873153023,2011-10-10,2011-09-27,2011-10-10
2011-04-08,8580.0,500.0,6.5353,118.03099999999999,101.1601,5654.127398219,4869.6020019176,784.5253963013993,0.061881188118811936,0.16110667688908897,0.38410070466174995,2011-04-08,2011-03-28,2011-04-08
2011-02-21,8080.0,350.0,6.5672,101.1601,92.1243,4869.6020019176,4488.8647635525,380.7372383651,0.04527813712807238,0.08481815746745358,0.5338259929242922,2011-02-21,2011-02-08,2011-02-21
2010-12-23,7730.0,310.0,6.6475,92.1243,81.5098,4488.8647635525,3991.6759179540004,497.18884559849994,0.0417789757412399,0.12455641585585986,0.3354221093643838,2010-12-23,2010-12-10,2010-12-23
2010-10-27,7420.0,230.0,6.681,81.5098,72.8736,3991.6759179540004,3648.2297903423996,343.4461276116008,0.03198887343532686,0.09414048657811303,0.3397993211856209,2010-10-27,2010-10-14,2010-10-27
2010-06-02,7190.0,-230.0,6.8298,72.8736,85.2831,3648.2297903423996,4267.166602110301,-618.9368117679014,-0.030997304582210283,-0.1450463198371046,0.21370624650816408,2010-06-02,2010-05-18,2010-06-02
2010-04-15,7420.0,320.0,6.8261,85.2831,77.96770000000001,4267.166602110301,3901.0239727419007,366.1426293684003,0.04507042253521121,0.09385808237190885,0.4801975641972045,2010-04-15,2010-03-31,2010-04-15
2009-11-11,7100.0,480.0,6.8259,77.96770000000001,68.5205,3901.0239727419007,3427.0885752010004,473.93539754090034,0.0725075528700907,0.1382909683077287,0.5243115566936012,2009-11-11,2009-10-29,2009-11-11
2009-10-12,6620.0,0.0,6.8234,68.5205,67.6425,3427.0885752010004,3384.7119874125,42.376587788500274,0.0,0.01251999814049043,0.0,2009-10-12,2009-09-29,2009-10-12
2009-10-01,6620.0,-190.0,6.8265,67.6425,72.1395,3384.7119874125,3611.9019835709996,-227.18999615849953,-0.027900146842878115,-0.0629003769182801,0.44356088484375644,2009-10-01,2009-09-17,2009-10-01
2009-09-03,6810.0,300.0,6.8306,72.1395,67.25370000000001,3611.9019835709996,3368.1163415583005,243.7856420126991,0.04608294930875578,0.07238041008402596,0.6366770961266782,2009-09-03,2009-08-20,2009-09-03
2009-07-30,6510.0,-220.0,6.8323,67.25370000000001,70.2986,3368.1163415583005,3521.5347643657997,-153.41842280749916,-0.03268945022288261,-0.04356578397576283,0.750346883257487,2009-07-30,2009-07-17,2009-07-30
2009-07-01,6730.0,600.0,6.8341,70.2986,62.77419999999999,3521.5347643657997,3143.0893792887996,378.4453850770001,0.09787928221859699,0.12040554353011523,0.8129134203369623,2009-07-01,2009-06-18,2009-07-01
2009-06-02,6130.0,400.0,6.8308,62.77419999999999,58.373599999999996,3143.0893792887996,2920.2706805999997,222.81869868879994,0.06980802792321117,0.07630070053746518,0.9149067758419075,2009-06-02,2009-05-19,2009-06-02
2009-05-20,5730.0,0.0,6.825,58.373599999999996,50.4698,2920.2706805999997,2528.379766573,391.8909140269998,0.0,0.15499685577620892,0.0,2009-05-20,2009-05-07,2009-05-20
2009-04-02,5730.0,0.0,6.8345,50.4698,48.822900000000004,2528.379766573,2445.0521013954003,83.32766517759956,0.0,0.034080118427760375,0.0,2009-04-02,2009-03-20,2009-04-02
2009-03-26,5730.0,290.0,6.8322,48.822900000000004,44.6541,2445.0521013954003,2237.6859415845,207.36615981090017,0.053308823529411686,0.0926699122326633,0.5752549262760817,2009-03-26,2009-03-13,2009-03-26
2009-01-15,5440.0,-140.0,6.8365,44.6541,41.9293,2237.6859415845,2103.6007379205,134.08520366400035,-0.02508960573476704,0.06374080463412901,-0.3936192189411617,2009-01-15,2009-01-02,2009-01-15
2008-12-20,5580.0,-900.0,6.8445,41.9293,133.43329999999997,2103.6007379205,6729.192498928898,-4625.591761008398,-0.13888888888888884,-0.6873918024703061,0.2020520006054168,2008-12-19,2008-12-05,2008-12-19
2008-06-21,6480.0,1000.0,6.8801,133.43329999999997,86.4475,6729.192498928898,4724.2534347125,2004.939064216398,0.18248175182481763,0.4243927833093508,0.42998316418543336,2008-06-20,2008-06-09,2008-06-20
2007-11-02,5480.0,500.0,7.4555,86.4475,50.9956,4724.2534347125,2913.0432299388003,1811.2102047736998,0.10040160642570273,0.6217587800136255,0.16147999779512962,2007-11-02,2007-10-22,2007-11-02
2007-01-15,4980.0,-220.0,7.7931,50.9956,67.48519999999999,2913.0432299388003,3969.6987909,-1056.6555609611996,-0.04230769230769227,-0.26618028636919255,0.15894374780636994,2007-01-15,2007-01-02,2007-01-15
2006-05-25,5200.0,500.0,8.025,67.48519999999999,60.683499999999995,3969.6987909,3567.999375177,401.69941572300013,0.1063829787234043,0.11258393667826039,0.9449214680369808,2006-05-25,2006-05-11,2006-05-25
2006-03-27,4700.0,300.0,8.0214,60.683499999999995,55.461400000000005,3567.999375177,3297.4222080882005,270.57716708879934,0.06818181818181812,0.08205717982522964,0.8309061842855907,2006-03-27,2006-03-14,2006-03-27
2005-07-24,4400.0,300.0,8.1111,55.461400000000005,54.2259,3297.4222080882005,3289.7088476955005,7.713360392699997,0.07317073170731714,0.0023446939379159204,31.20694369703318,2005-07-22,2005-07-11,2005-07-22
2005-06-26,4100.0,200.0,8.2765,54.2259,47.1706,3289.7088476955005,2861.6867616970003,428.0220859985002,0.05128205128205132,0.1495698591919543,0.3428635392123836,2005-06-24,2005-06-13,2005-06-24
2005-05-25,3900.0,-150.0,8.2765,47.1706,49.5221,2861.6867616970003,3004.3446125645,-142.65785086749975,-0.03703703703703709,-0.0474838506444597,0.7799922823099538,2005-05-25,2005-05-11,2005-05-25
2005-05-11,4050.0,0.0,8.2765,49.5221,52.424099999999996,3004.3446125645,3180.3995065545,-176.05489398999998,0.0,-0.05535621975389182,-0.0,2005-05-11,2005-04-27,2005-05-11
2005-03-24,4050.0,300.0,8.2765,52.424099999999996,42.5642,3180.3995065545,2582.2626670876,598.1368394668998,0.08000000000000007,0.23163284165104203,0.3453741681437434,2005-03-24,2005-03-11,2005-03-24
2004-08-26,3750.0,240.0,8.2766,42.5642,36.9431,2582.2626670876,2241.3259443787,340.9367227089001,0.06837606837606836,0.15211385187592974,0.4495058637515712,2004-08-26,2004-08-13,2004-08-26
2004-05-19,3510.0,0.0,8.2769,36.9431,32.1904,2241.3259443787,1952.9811705007996,288.3447738779005,0.0,0.1476433967891051,0.0,2004-05-19,2004-05-06,2004-05-19
2004-04-01,3510.0,300.0,8.2769,32.1904,29.1307,1952.9811705007996,1767.3501597839,185.6310107168997,0.09345794392523366,0.10503352133659671,0.8897915897319364,2004-04-01,2004-03-19,2004-04-01
2003-12-07,3210.0,200.0,8.2769,29.1307,26.560900000000004,1767.3501597839,1611.5580386675,155.7921211163998,0.06644518272425248,0.09667174087333197,0.687327880143536,2003-12-05,2003-11-21,2003-12-05
2003-07-02,3010.0,90.0,8.2775,26.560900000000004,24.831,1611.5580386675,1506.4705484639999,105.08749020350024,0.03082191780821919,0.06975741431563165,0.44184432738230717,2003-07-02,2003-06-19,2003-07-02
2003-05-11,2920.0,-290.0,8.2768,24.831,30.615199999999998,1506.4705484639999,1857.3918543487998,-350.92130588479995,-0.09034267912772587,-0.18893229506911602,0.47817488849471884,2003-05-09,2003-04-25,2003-05-09
2003-02-02,3210.0,190.0,8.2768,30.615199999999998,28.575400000000002,1857.3918543487998,1733.6602881458,123.73156620299983,0.0629139072847682,0.07137013349676158,0.8815158975094662,2003-01-31,2003-01-20,2003-01-31
2002-10-12,3020.0,200.0,8.2769,28.575400000000002,25.715300000000003,1733.6602881458,1560.2143422177003,173.44594592809972,0.07092198581560294,0.11116802431232764,0.6379710915464948,2002-10-11,2002-09-30,2002-10-11
2002-05-05,2820.0,240.0,8.2773,25.715300000000003,25.2698,1560.2143422177003,1533.1291266179999,27.085215599700405,0.09302325581395343,0.017666623854083907,5.265480070344607,2002-05-03,2002-04-19,2002-05-03
2002-04-05,2580.0,260.0,8.277,25.2698,19.933,1533.1291266179999,1209.270228085,323.8588985329998,0.11206896551724133,0.26781350521286096,0.4184589773699715,2002-04-05,2002-03-22,2002-04-05
2002-03-05,2320.0,130.0,8.2765,19.933,18.6481,1209.270228085,1131.3331964918,77.93703159320012,0.05936073059360725,0.06888954715982742,0.8616797909251339,2002-03-05,2002-02-18,2002-03-05
2002-01-02,2190.0,-230.0,8.2766,18.6481,18.369899999999998,1131.3331964918,1114.4958995222999,16.83729696950013,-0.0950413223140496,0.015107545013594903,-6.290983891063988,2002-01-02,2001-12-18,2002-01-02
2001-11-25,2420.0,-360.0,8.2769,18.369899999999998,19.915399999999998,1114.4958995222999,1208.275483314,-93.77958379170013,-0.1294964028776978,-0.07761440589234336,1.6684583408049072,2001-11-23,2001-11-09,2001-11-23
2001-10-18,2780.0,250.0,8.277,19.915399999999998,25.437199999999997,1208.275483314,1543.2294168491999,-334.9539335351999,0.09881422924901195,-0.21704740065094974,-0.45526566525402695,2001-10-18,2001-10-05,2001-10-18
2001-09-10,2530.0,0.0,8.2767,25.437199999999997,24.766399999999997,1543.2294168491999,1502.6421035376,40.58731331159993,0.0,0.02701063228299483,0.0,2001-09-10,2001-08-28,2001-09-10
2001-08-09,2530.0,-280.0,8.2773,24.766399999999997,25.8859,1502.6421035376,1570.4891918542999,-67.84708831669991,-0.09964412811387902,-0.043201244980611286,2.3065105683551317,2001-08-08,2001-07-26,2001-08-08
2001-07-04,2810.0,-450.0,8.2769,25.8859,28.203700000000005,1570.4891918542999,1711.1713891412005,-140.68219728690065,-0.1380368098159509,-0.08221397235814354,1.6789945292343966,2001-07-04,2001-06-21,2001-07-04
2001-06-06,3260.0,190.0,8.2772,28.203700000000005,27.1359,1711.1713891412005,1646.3262881043,64.84510103690059,0.061889250814332275,0.03938775776433001,1.5712813911529604,2001-06-06,2001-05-23,2001-06-06
2001-05-15,3070.0,100.0,8.2769,27.1359,24.558,1646.3262881043,1489.9259277659999,156.40036033830006,0.03367003367003374,0.10497190324945027,0.3207528169706694,2001-05-15,2001-04-30,2001-05-15
2001-04-10,2970.0,-110.0,8.2769,24.558,24.906399999999998,1489.9259277659999,1511.1362687976,-21.210341031600137,-0.0357142857142857,-0.014036021416173883,2.5444735837415924,2001-04-10,2001-03-28,2001-04-10
2001-03-07,3080.0,210.0,8.2773,24.906399999999998,25.8113,1511.1362687976,1565.9064749014,-54.77020610380009,0.07317073170731714,-0.034976677714579796,-2.0919863317040086,2001-03-07,2001-02-21,2001-03-07
2001-02-06,2870.0,-165.0,8.2766,25.8113,23.3093,1565.9064749014,1414.1506163791998,151.75585852220024,-0.054365733113673764,0.10731237307010266,-0.5066119736086622,2001-02-06,2001-01-22,2001-02-06
2001-01-14,3035.0,-130.0,8.2768,23.3093,23.661099999999998,1414.1506163791998,1435.4939508783998,-21.343334499199955,-0.041074249605055346,-0.014868285920772939,2.762541010034603,2001-01-12,2000-12-29,2001-01-12
2000-12-21,3165.0,-20.0,8.2768,23.661099999999998,31.8404,1435.4939508783998,1931.7467835507998,-496.2528326724,-0.006279434850863463,-0.25689331381218783,0.024443745762313986,2000-12-21,2000-12-08,2000-12-21
2000-11-18,3185.0,-250.0,8.2769,31.8404,31.608000000000004,1931.7467835507998,1917.8556685920003,13.891114958799562,-0.07278020378457062,0.007243045024862393,-10.048288190221948,2000-11-17,2000-11-06,2000-11-17
2000-10-20,3435.0,-180.0,8.2778,31.608000000000004,32.8241,1917.8556685920003,1991.5719052075,-73.71623661549984,-0.049792531120331995,-0.0370140974688129,1.345231534073899,2000-10-20,2000-10-09,2000-10-20
2000-09-20,3615.0,210.0,8.2775,32.8241,28.716900000000003,1991.5719052075,1742.8344330969003,248.7374721105998,0.06167400881057272,0.1427200813726235,0.4321326628839984,2000-09-20,2000-09-07,2000-09-20
2000-08-18,3405.0,270.0,8.2797,28.716900000000003,29.841200000000004,1742.8344330969003,1811.0465524816002,-68.21211938469992,0.0861244019138756,-0.0376644759855741,-2.2866215355514883,2000-08-18,2000-08-07,2000-08-18
2000-07-15,3135.0,200.0,8.2796,29.841200000000004,28.5668,1811.0465524816002,1733.2222867812002,77.82426570040002,0.0681431005110733,0.044901491455506815,1.517613297513664,2000-07-14,2000-07-03,2000-07-14
2000-06-06,2935.0,,8.2773,28.5668,,1733.2222867812002,,,,,,2000-06-06,2000-05-23,2000-06-06
