调整日期,汽油价格真实值_CNY_per_ton,汽油涨跌真实值_CNY_per_ton,理论国内成本_USD_per_bbl_本期10工作日均值,理论国内成本_USD_per_bbl_上期10工作日均值,理论国内成本涨跌值_USD_per_bbl,汽油价格变化率,理论国内成本变化率,汽油变化率_理论国内成本变化率比值,匹配成本日期,10工作日窗口开始日期,10工作日窗口结束日期
2026-05-09,10089.999999999998,320.0,,,,0.03275332650972351,,,,,
2026-04-22,9770.0,-555.0,,,,-0.053294573643410836,,,,,
2026-04-08,10320.0,420.0,,,,0.0418980312973245,,,,,
2026-03-24,9905.0,1160.0,,,,0.13264722698684972,,,,,
2026-03-10,8745.0,695.0,,,,0.08633540372670812,,,,,
2026-02-25,8050.0,175.0,,,,0.022222222222222143,,,,,
2026-02-04,7875.0,205.0,,,,0.02672750977835725,,,,,
2026-01-21,7670.0,85.0,,,,0.011206328279498967,,,,,
2025-12-23,7585.0,-170.0,,,,-0.02192134107027721,,,,,
2025-12-09,7755.0,-55.0,,,,-0.007042253521126751,,,,,
2025-11-25,7810.0,-70.0,,,,-0.008883248730964466,,,,,
2025-11-11,7880.0,125.0,,,,0.01611863313990969,,,,,
2025-10-28,7755.0,-265.0,,,,-0.03304239401496256,,,,,
2025-10-14,8020.0,-75.0,,,,-0.009264978381717137,,,,,
2025-08-27,8095.0,-180.0,,,,-0.021752265861027187,,,,,
2025-07-16,8275.0,-130.0,,,,-0.015466983938132062,,,,,
2025-07-02,8405.0,235.0,,,,0.028763769889840862,,,,,
2025-06-18,8170.0,260.0,,,,0.03286978508217442,,,,,
2025-06-04,7910.0,65.0,,,,0.008285532186105726,,,,,
2025-05-20,7845.0,-230.0,,,,-0.02848297213622286,,,,,
2025-04-18,8075.0,-480.0,,,,-0.05610753945061364,,,,,
2025-04-03,8555.0,230.0,,,,0.027627627627627716,,,,,
2025-03-20,8325.0,-280.0,,,,-0.03253922138291687,,,,,
2025-03-06,8605.0,-135.0,,76.19399999999999,,-0.01544622425629294,,,,,
2025-02-20,8740.0,-170.0,76.19399999999999,79.3601,-3.1661000000000143,-0.019079685746352437,-0.039895363035077014,0.47824319156030975,2025-02-20,2025-02-07,2025-02-20
2025-01-17,8910.0,340.0,79.3601,73.437,5.923100000000005,0.03967327887981331,0.08065552786742392,0.4918854284237722,2025-01-17,2025-01-06,2025-01-17
2025-01-03,8570.0,70.0,73.437,73.12800000000001,0.3089999999999833,0.008235294117647118,0.00422546767312082,1.948966304968734,2025-01-03,2024-12-18,2025-01-03
2024-11-07,8500.0,-145.0,73.12800000000001,74.23769999999999,-1.1096999999999753,-0.01677270098322725,-0.01494793076832901,1.1220751047873785,2024-11-07,2024-10-24,2024-11-07
2024-10-24,8645.0,90.0,74.23769999999999,76.0479,-1.810200000000009,0.010520163646990044,-0.02380341863483426,-0.4419601994309627,2024-10-24,2024-10-11,2024-10-24
2024-10-11,8555.0,140.0,76.0479,72.4315,3.6163999999999987,0.016636957813428443,0.049928553184733104,0.33321529970781544,2024-10-11,2024-09-30,2024-10-11
2024-09-21,8415.0,-365.0,72.4315,82.4077,-9.976200000000006,-0.041571753986332616,-0.12105907579024777,0.3434005564222351,2024-09-20,2024-09-09,2024-09-20
2024-09-06,8780.0,-100.0,82.4077,,,-0.011261261261261257,,,2024-09-06,2024-07-10,2024-09-06
2024-08-09,8880.0,-305.0,,84.9153,,-0.03320631464344037,,,,,
2024-07-26,9185.0,-145.0,84.9153,86.0293,-1.1140000000000043,-0.015541264737406246,-0.012949076651791902,1.200183237409104,2024-07-19,2024-07-08,2024-07-19
2024-07-12,9330.0,110.0,86.0293,83.3183,2.7110000000000127,0.01193058568329719,0.0325378698317178,0.3666676935214516,2024-07-12,2024-07-01,2024-07-12
2024-06-28,9220.0,210.0,83.3183,78.0734,5.244899999999987,0.023307436182020025,0.06717909044565729,0.3469448012380273,2024-06-28,2024-06-17,2024-06-28
2024-06-14,9010.0,-190.0,78.0734,81.8817,-3.8082999999999885,-0.020652173913043526,-0.04650978179495524,0.4440393636781929,2024-06-14,2024-06-03,2024-06-14
2024-05-16,9200.0,-235.0,81.8817,87.1575,-5.275800000000004,-0.0249072602013779,-0.06053179588675672,0.4114740003414828,2024-05-16,2024-05-02,2024-05-16
2024-04-30,9435.0,-70.0,87.1575,89.4522,-2.294700000000006,-0.007364544976328213,-0.02565280675042092,0.2870853489046524,2024-04-30,2024-04-17,2024-04-30
2024-04-17,9505.0,200.0,89.4522,85.0099,4.442300000000003,0.02149382052659865,0.05225626662306393,0.41131565485989185,2024-04-17,2024-04-03,2024-04-17
2024-04-02,9305.0,200.0,85.0099,81.9784,3.0315000000000083,0.021965952773201458,0.03697925307154093,0.5940074757785294,2024-04-02,2024-03-18,2024-04-02
2024-03-05,9105.0,125.0,81.9784,79.95590000000001,2.0224999999999795,0.013919821826280598,0.02529519397567892,0.5502951208701689,2024-03-05,2024-02-21,2024-03-05
2024-02-01,8980.0,200.0,79.95590000000001,76.4858,3.4701000000000164,0.02277904328018221,0.04536920578721815,0.502081596645444,2024-02-01,2024-01-19,2024-02-01
2024-01-18,8780.0,-50.0,76.4858,77.0087,-0.522900000000007,-0.005662514156285381,-0.006790141893058932,0.8339316387590895,2024-01-18,2024-01-05,2024-01-18
2024-01-04,8830.0,200.0,77.0087,74.9212,2.0875000000000057,0.023174971031286296,0.02786260764643389,0.8317588692834512,2024-01-04,2023-12-19,2024-01-04
2023-12-20,8630.0,-415.0,74.9212,79.21860000000001,-4.29740000000001,-0.04588170259812052,-0.05424736109953987,0.8457868118954397,2023-12-20,2023-12-07,2023-12-20
2023-12-06,9045.0,-55.0,79.21860000000001,80.7216,-1.502999999999986,-0.0060439560439560225,-0.018619551644169396,0.3246026628062578,2023-12-06,2023-11-23,2023-12-06
2023-11-22,9100.0,-340.0,80.7216,85.87109999999998,-5.149499999999989,-0.03601694915254239,-0.0599677889301522,0.600604921326903,2023-11-22,2023-11-08,2023-11-22
2023-11-08,9440.0,-140.0,85.87109999999998,89.4284,-3.557300000000012,-0.014613778705636737,-0.03977819126809845,0.36738167925088094,2023-11-08,2023-10-26,2023-11-08
2023-10-25,9580.0,-70.0,89.4284,89.6299,-0.20150000000001,-0.007253886010362698,-0.002248133714307543,3.226625695881705,2023-10-25,2023-10-12,2023-10-25
2023-10-11,9650.0,-85.0,89.6299,92.3709,-2.7409999999999997,-0.008731381612737565,-0.029673847499591344,0.2942450119708208,2023-10-11,2023-09-28,2023-10-11
2023-09-21,9735.0,385.0,92.3709,84.6297,7.741200000000006,0.04117647058823537,0.09147143378742939,0.4501566104662297,2023-09-21,2023-09-08,2023-09-21
2023-08-24,9350.0,55.0,84.6297,84.4092,0.22050000000000125,0.00591715976331364,0.002612274491406108,2.2651370607415044,2023-08-24,2023-08-11,2023-08-24
2023-08-10,9295.0,240.0,84.4092,79.976,4.433199999999999,0.02650469353948104,0.05543162948884661,0.4781510805994625,2023-08-10,2023-07-27,2023-08-10
2023-07-27,9055.0,275.0,79.976,76.0413,3.9346999999999923,0.031321184510250566,0.051744249506518125,0.6053075425570739,2023-07-27,2023-07-14,2023-07-27
2023-07-13,8780.0,155.0,76.0413,73.5111,2.5302000000000078,0.017971014492753623,0.03441929178042513,0.5221204029239805,2023-07-13,2023-06-30,2023-07-13
2023-06-29,8625.0,70.0,73.5111,72.8018,0.7092999999999989,0.008182349503214503,0.009742890972475937,0.8398276780813798,2023-06-28,2023-06-15,2023-06-28
2023-06-14,8555.0,-55.0,72.8018,73.4932,-0.6914000000000016,-0.006387921022067311,-0.009407673090843782,0.6790117981761602,2023-06-14,2023-05-31,2023-06-14
2023-05-31,8610.0,100.0,73.4932,72.7056,0.7875999999999976,0.011750881316098694,0.010832728152989635,1.0847573344537096,2023-05-31,2023-05-17,2023-05-31
2023-05-17,8510.0,-380.0,72.7056,80.3376,-7.631999999999991,-0.042744656917885315,-0.09499910378203968,0.4499480017827971,2023-05-17,2023-05-03,2023-05-17
2023-04-29,8890.0,-160.0,80.3376,83.3183,-2.980699999999999,-0.0176795580110497,-0.03577485378362255,0.4941895253571453,2023-04-28,2023-04-17,2023-04-28
2023-04-18,9050.0,550.0,83.3183,73.24629999999999,10.072000000000003,0.06470588235294117,0.13750865231417841,0.47055862495911754,2023-04-18,2023-04-03,2023-04-18
2023-04-01,8500.0,-335.0,73.24629999999999,77.5042,-4.2579000000000065,-0.03791737408036222,-0.05493766789412713,0.6901890002581564,2023-03-31,2023-03-20,2023-03-31
2023-03-18,8835.0,-100.0,77.5042,80.6268,-3.1226000000000056,-0.011191941801902638,-0.03872905783188718,0.2889804820577862,2023-03-17,2023-02-27,2023-03-17
2023-02-04,8935.0,210.0,80.6268,76.7756,3.8512000000000057,0.024068767908309363,0.05016177014572354,0.47982293763533196,2023-02-03,2023-01-19,2023-02-03
2023-01-18,8725.0,-205.0,76.7756,76.0086,0.7669999999999959,-0.02295632698768202,0.010090963390984697,-2.2749390814549266,2023-01-18,2023-01-05,2023-01-18
2023-01-04,8930.0,250.0,76.0086,74.7957,1.2129000000000048,0.02880184331797242,0.01621617285485666,1.7761184205277152,2023-01-04,2022-12-19,2023-01-04
2022-12-20,8680.0,-480.0,74.7957,80.73620000000001,-5.940500000000014,-0.05240174672489084,-0.0735791379827142,0.7121821233785244,2022-12-20,2022-12-07,2022-12-20
2022-12-06,9160.0,-440.0,80.73620000000001,88.1043,-7.368099999999984,-0.04583333333333328,-0.08362928937634129,0.5480536026926892,2022-12-06,2022-11-23,2022-12-06
2022-11-22,9600.0,-175.0,88.1043,92.7246,-4.6203,-0.01790281329923271,-0.049828200930497446,0.3592907824266892,2022-11-22,2022-11-09,2022-11-22
2022-11-08,9775.0,155.0,92.7246,90.2856,2.438999999999993,0.016112266112266127,0.02701427470161355,0.59643526580796,2022-11-08,2022-10-26,2022-11-08
2022-10-25,9620.0,185.0,90.2856,89.2825,1.0031000000000034,0.019607843137254832,0.011235124464480828,1.7452270510437025,2022-10-25,2022-10-11,2022-10-25
2022-09-22,9435.0,-290.0,89.2825,94.14110000000001,-4.85860000000001,-0.029820051413881776,-0.05160976449181076,0.5777986337956165,2022-09-22,2022-09-08,2022-09-22
2022-09-07,9725.0,190.0,94.14110000000001,94.0736,0.06750000000000966,0.019926586261143076,0.0007175233009049098,27.77134378216361,2022-09-07,2022-08-24,2022-09-07
2022-08-24,9535.0,-205.0,94.0736,100.29990000000001,-6.226300000000009,-0.02104722792607805,-0.062076831582085434,0.33905125937761305,2022-08-24,2022-08-11,2022-08-24
2022-08-10,9740.0,-130.0,100.29990000000001,104.56559999999999,-4.265699999999981,-0.01317122593718334,-0.04079448690582732,0.32286779259140247,2022-08-10,2022-07-20,2022-08-10
2022-07-27,9870.0,-300.0,104.56559999999999,109.44300000000001,-4.877400000000023,-0.029498525073746173,-0.04456566431841258,0.6619114855550056,2022-07-22,2022-07-08,2022-07-22
2022-07-13,10169.999999999998,-360.0,109.44300000000001,113.2517,-3.8086999999999875,-0.0341880341880344,-0.033630400250062364,1.0165812459508567,2022-07-13,2022-06-29,2022-07-13
2022-06-29,10530.0,-320.0,113.2517,119.6176,-6.365899999999996,-0.029493087557603714,-0.053218757105977677,0.5541859517476587,2022-06-29,2022-06-16,2022-06-29
2022-06-15,10850.0,390.0,119.6176,111.5222,8.095399999999998,0.03728489483747599,0.07259003140181952,0.5136365712681235,2022-06-15,2022-05-31,2022-06-15
2022-05-31,10460.0,400.0,111.5222,105.61890000000001,5.903299999999987,0.03976143141153088,0.055892458641398246,0.7113917043198473,2022-05-31,2022-05-18,2022-05-31
2022-05-17,10060.0,285.0,105.61890000000001,102.4372,3.1817000000000064,0.029156010230179108,0.031060005544860658,0.9386994534842704,2022-05-17,2022-04-29,2022-05-17
2022-04-29,9775.0,205.0,102.4372,101.2235,1.2137000000000029,0.0214211076280042,0.011990298695460977,1.7865366136469418,2022-04-29,2022-04-14,2022-04-29
2022-04-16,9570.0,-545.0,101.2235,109.59849999999999,-8.374999999999986,-0.05434782608695654,-0.07641527940619608,0.711216742375083,2022-04-14,2022-04-01,2022-04-14
2022-04-01,10120.0,110.0,109.59849999999999,111.1865,-1.588000000000008,0.01200000000000001,-0.014282309453036213,-0.8402002518891638,2022-04-01,2022-03-21,2022-04-01
2022-03-18,10000.0,750.0,111.1865,102.73240000000001,8.454099999999983,0.08049702863317121,0.08229244133301639,0.9781825320678044,2022-03-18,2022-03-07,2022-03-18
2022-03-04,9255.0,260.0,102.73240000000001,93.63340000000001,9.099000000000004,0.028904947192884833,0.09717686210262588,0.29744680541710733,2022-03-04,2022-02-21,2022-03-04
2022-02-18,8995.0,210.0,93.63340000000001,87.51509999999999,6.118300000000019,0.0239043824701195,0.06991136386749286,0.34192413289814927,2022-02-18,2022-02-07,2022-02-18
2022-01-30,8785.0,310.0,87.51509999999999,82.586,4.929099999999991,0.036578171091445455,0.05968445014893553,0.6128593126043539,2022-01-28,2022-01-17,2022-01-28
2022-01-18,8475.0,345.0,82.586,73.8666,8.719399999999993,0.04243542435424352,0.11804252530913817,0.3594926848871677,2022-01-18,2022-01-05,2022-01-18
2022-01-01,8130.0,140.0,73.8666,72.8805,0.9861000000000075,0.017521902377972465,0.013530368205487253,1.295005583873648,2021-12-31,2021-12-16,2021-12-31
2021-12-18,7990.0,-130.0,72.8805,75.2947,-2.414200000000008,-0.016009852216748777,-0.0320633457600602,0.4993194514557334,2021-12-17,2021-12-06,2021-12-17
2021-12-04,8120.0,-430.0,75.2947,81.5035,-6.2087999999999965,-0.05029239766081872,-0.07617832363027355,0.6601930216384065,2021-12-03,2021-11-22,2021-12-03
2021-11-20,8550.0,-95.0,81.5035,82.8,-1.2964999999999947,-0.01098901098901095,-0.015658212560386464,0.7018049439954548,2021-11-19,2021-11-08,2021-11-19
2021-10-23,8645.0,300.0,82.8,78.46809999999999,4.3319000000000045,0.035949670461354,0.05520587346960104,0.6511928568823313,2021-10-22,2021-10-11,2021-10-22
2021-10-10,8345.0,345.0,78.46809999999999,71.5096,6.958499999999987,0.04312500000000008,0.09730861310928862,0.44317762448803794,2021-10-08,2021-09-27,2021-10-08
2021-09-19,8000.0,90.0,71.5096,70.2942,1.2154000000000025,0.011378002528444897,0.017290188948732688,0.6580612023490273,2021-09-17,2021-09-06,2021-09-17
2021-09-07,7910.0,140.0,70.2942,67.711,2.583200000000005,0.018018018018018056,0.03815037438525515,0.4722894154606748,2021-09-07,2021-08-25,2021-09-07
2021-08-24,7770.0,-250.0,67.711,72.4716,-4.760599999999997,-0.03117206982543641,-0.06568918031339166,0.47453887651999743,2021-08-24,2021-08-11,2021-08-24
2021-07-27,8020.0,-100.0,72.4716,74.29769999999999,-1.8260999999999967,-0.012315270935960632,-0.024578149794677318,0.5010658263067322,2021-07-27,2021-07-13,2021-07-27
2021-07-13,8120.0,70.0,74.29769999999999,73.185,1.1126999999999896,0.008695652173912993,0.015203935232629417,0.571934307852819,2021-07-13,2021-06-30,2021-07-13
2021-06-29,8050.0,225.0,73.185,69.5747,3.610299999999995,0.028753993610223683,0.051890989109546926,0.5541230588131825,2021-06-29,2021-06-16,2021-06-29
2021-06-12,7825.0,175.0,69.5747,66.7313,2.8434000000000026,0.02287581699346397,0.042609689905636516,0.5368688916564469,2021-06-11,2021-05-28,2021-06-11
2021-05-15,7650.0,100.0,66.7313,64.3511,2.380200000000002,0.013245033112582849,0.03698771271975154,0.3580927864595954,2021-05-14,2021-04-29,2021-05-14
2021-04-29,7550.0,100.0,64.3511,61.90169999999999,2.4494000000000113,0.01342281879194629,0.03956918792214137,0.33922401486625925,2021-04-29,2021-04-16,2021-04-29
2021-04-01,7450.0,-225.0,61.90169999999999,66.70340000000002,-4.801700000000025,-0.02931596091205213,-0.07198583580447204,0.4072462392696274,2021-04-01,2021-03-19,2021-04-01
2021-03-18,7675.0,235.0,66.70340000000002,63.562200000000004,3.141200000000012,0.03158602150537626,0.04941930896035718,0.63914332615848,2021-03-18,2021-03-05,2021-03-18
2021-03-04,7440.0,260.0,63.562200000000004,61.29269999999999,2.269500000000015,0.0362116991643453,0.03702724794306689,0.9779743614762951,2021-03-04,2021-02-19,2021-03-04
2021-02-19,7180.0,275.0,61.29269999999999,54.9316,6.361099999999986,0.03982621288921062,0.1158003771963676,0.3439212708407299,2021-02-19,2021-02-05,2021-02-19
2021-01-30,6905.0,75.0,54.9316,54.221799999999995,0.7098000000000084,0.010980966325036645,0.013090675706081578,0.8388387713198932,2021-01-29,2021-01-18,2021-01-29
2021-01-16,6830.0,185.0,54.221799999999995,50.7334,3.4883999999999915,0.02784048156508656,0.06875943658418304,0.40489688322272843,2021-01-15,2020-12-31,2021-01-15
2021-01-01,6645.0,90.0,50.7334,49.9504,0.7830000000000013,0.013729977116704761,0.01567555014574462,0.8758848645852461,2020-12-31,2020-12-16,2020-12-31
2020-12-18,6555.0,155.0,49.9504,47.076299999999996,2.8741000000000057,0.024218749999999956,0.061051951831388784,0.3966908390887564,2020-12-18,2020-12-07,2020-12-18
2020-12-04,6400.0,250.0,47.076299999999996,42.8647,4.211599999999997,0.04065040650406515,0.0982533413274791,0.4137305251388556,2020-12-04,2020-11-23,2020-12-04
2020-11-20,6150.0,150.0,42.8647,38.5046,4.360099999999996,0.02499999999999991,0.11323582117461273,0.22077819316070688,2020-11-20,2020-11-09,2020-11-20
2020-11-06,6000.0,-160.0,38.5046,41.1515,-2.646899999999995,-0.025974025974025983,-0.06432086315201135,0.4038196115720776,2020-11-06,2020-10-26,2020-11-06
2020-10-23,6160.0,80.0,41.1515,39.5599,1.5915999999999997,0.013157894736842035,0.04023265983988833,0.32704511183714363,2020-10-23,2020-10-12,2020-10-23
2020-09-19,6080.0,-315.0,39.5599,43.841,-4.281100000000002,-0.04925723221266609,-0.09765060103556034,0.5044232364194935,2020-09-18,2020-09-07,2020-09-18
2020-08-22,6395.0,85.0,43.841,42.44029999999999,1.4007000000000076,0.01347068145800323,0.033004007982978534,0.40815289661033266,2020-08-21,2020-08-07,2020-08-21
2020-07-11,6310.0,100.0,42.44029999999999,41.4463,0.9939999999999927,0.016103059581320522,0.023982840446553633,0.6714408836270499,2020-07-09,2020-06-26,2020-07-09
2020-06-29,6210.0,120.0,41.4463,35.2072,6.2391000000000005,0.019704433497536922,0.17721091140448553,0.11119198779222669,2020-06-29,2020-06-16,2020-06-29
2020-03-18,6090.0,-1015.0,35.2072,55.4501,-20.2429,-0.1428571428571429,-0.3650651666994288,0.3913195667193367,2020-03-18,2020-03-05,2020-03-18
2020-02-19,7105.0,-415.0,55.4501,58.6543,-3.2042,-0.05518617021276595,-0.05462856090687296,1.010207285285138,2020-02-19,2020-02-06,2020-02-19
2020-02-05,7520.0,-420.0,58.6543,67.2313,-8.577000000000005,-0.052896725440806036,-0.12757450770697587,0.41463397658020984,2020-02-05,2020-01-22,2020-02-05
2019-12-31,7940.0,235.0,67.2313,62.947900000000004,4.2834,0.030499675535366588,0.06804674977243086,0.4482164928871229,2019-12-31,2019-12-16,2019-12-31
2019-12-03,7705.0,55.0,62.947900000000004,61.678399999999996,1.2695000000000078,0.007189542483660105,0.02058257023528509,0.3493024632722951,2019-12-03,2019-11-20,2019-12-03
2019-11-19,7650.0,70.0,61.678399999999996,60.2669,1.4114999999999966,0.00923482849604218,0.023420816401706457,0.39430002514213486,2019-11-19,2019-11-06,2019-11-19
2019-11-05,7580.0,105.0,60.2669,58.508500000000005,1.7583999999999946,0.014046822742474818,0.030053752873514084,0.46738997294591017,2019-11-05,2019-10-22,2019-11-05
2019-10-22,7475.0,-150.0,58.508500000000005,61.3516,-2.8430999999999926,-0.01967213114754096,-0.04634108971893147,0.4245073058673545,2019-10-22,2019-10-09,2019-10-22
2019-09-19,7625.0,125.0,61.3516,57.696400000000004,3.6551999999999936,0.016666666666666607,0.06335230620974608,0.2630790836798711,2019-09-19,2019-09-06,2019-09-19
2019-09-04,7500.0,115.0,57.696400000000004,57.118700000000004,0.5777000000000001,0.015572105619499066,0.010114025704366592,1.5396545425800157,2019-09-04,2019-08-21,2019-09-04
2019-08-21,7385.0,-210.0,57.118700000000004,60.2792,-3.160499999999999,-0.027649769585253448,-0.052431020982362075,0.5273551624057616,2019-08-21,2019-08-06,2019-08-21
2019-08-07,7595.0,-80.0,60.2792,62.677800000000005,-2.398600000000002,-0.01042345276872969,-0.03826873310805423,0.27237517216204676,2019-08-07,2019-07-25,2019-08-07
2019-07-10,7675.0,150.0,62.677800000000005,61.592000000000006,1.085799999999999,0.019933554817275656,0.01762891284582402,1.13073080521795,2019-07-10,2019-06-27,2019-07-10
2019-06-26,7525.0,-120.0,61.592000000000006,63.49559999999999,-1.903599999999983,-0.015696533682145186,-0.02998003011232253,0.5235663080836441,2019-06-26,2019-06-13,2019-06-26
2019-06-12,7645.0,-465.0,63.49559999999999,69.4573,-5.961700000000015,-0.05733662145499385,-0.08583259067081528,0.6680052530965886,2019-06-12,2019-05-24,2019-06-12
2019-05-28,8110.0,50.0,69.4573,69.3802,0.0771000000000015,0.006203473945409321,0.0011112680563043487,5.5823380418579625,2019-05-28,2019-05-13,2019-05-28
2019-05-14,8060.0,-75.0,69.3802,70.525,-1.1448000000000036,-0.009219422249538978,-0.01623254165189658,0.5679592541480895,2019-05-14,2019-04-29,2019-05-14
2019-04-27,8135.0,195.0,70.525,68.5666,1.9584000000000117,0.024559193954659886,0.028562011241625163,0.8598552023139139,2019-04-26,2019-04-11,2019-04-26
2019-04-13,7940.0,-50.0,68.5666,65.86670000000001,2.6998999999999853,-0.006257822277847325,0.040990363871273194,-0.15266569229537683,2019-04-12,2019-04-01,2019-04-12
2019-03-29,7990.0,80.0,65.86670000000001,64.6929,1.1738000000000142,0.010113780025284402,0.01814418583801336,0.5574116202059237,2019-03-29,2019-03-18,2019-03-29
2019-03-01,7910.0,270.0,64.6929,61.21450000000001,3.4783999999999864,0.035340314136125706,0.05682313830873387,0.6219352747486987,2019-03-01,2019-02-18,2019-03-01
2019-02-15,7640.0,50.0,61.21450000000001,59.3024,1.9121000000000095,0.006587615283267567,0.03224321443988787,0.20431012843180027,2019-02-15,2019-01-31,2019-02-15
2019-01-29,7590.0,245.0,59.3024,55.7322,3.5702,0.03335602450646702,0.06405991509396713,0.5207004170632804,2019-01-29,2019-01-16,2019-01-29
2019-01-15,7345.0,105.0,55.7322,54.6043,1.1278999999999968,0.014502762430939287,0.020655882412190962,0.7021129449487887,2019-01-15,2019-01-02,2019-01-15
2018-12-29,7240.0,-370.0,54.6043,58.57770000000001,-3.973400000000005,-0.048620236530880434,-0.06783127367581865,0.7167820077100099,2018-12-28,2018-12-12,2018-12-28
2018-12-15,7610.0,-125.0,58.57770000000001,59.3938,-0.8160999999999916,-0.01616031027795739,-0.013740491431765478,1.1761086099582827,2018-12-14,2018-12-03,2018-12-14
2018-12-01,7735.0,-540.0,59.3938,67.4133,-8.019500000000008,-0.06525679758308156,-0.11896020518206363,0.5485598943210358,2018-11-30,2018-11-19,2018-11-30
2018-11-17,8275.0,-510.0,67.4133,74.6712,-7.257899999999992,-0.05805350028457601,-0.0971981165429241,0.5972698067553474,2018-11-16,2018-11-02,2018-11-16
2018-11-03,8785.0,-375.0,74.6712,79.6401,-4.968900000000005,-0.040938864628821015,-0.06239193572082413,0.6561563470638904,2018-11-02,2018-10-22,2018-11-02
2018-10-20,9160.0,165.0,79.6401,78.4302,1.2099000000000046,0.01834352418009999,0.015426455625511704,1.189095189809132,2018-10-19,2018-10-08,2018-10-19
2018-10-01,8995.0,240.0,78.4302,75.4143,3.015900000000002,0.027412906910337043,0.03999108922313144,0.6854753757114725,2018-10-01,2018-09-18,2018-10-01
2018-09-18,8755.0,145.0,75.4143,73.4272,1.987099999999998,0.016840882694541204,0.0270621785932188,0.6223032870960791,2018-09-18,2018-09-05,2018-09-18
2018-09-04,8610.0,180.0,73.4272,69.8304,3.5968000000000018,0.021352313167259718,0.05150765282742187,0.41454642165119354,2018-09-04,2018-08-20,2018-09-04
2018-08-21,8430.0,-50.0,69.8304,71.8531,-2.0227000000000004,-0.005896226415094352,-0.028150490375502213,0.2094537727920188,2018-08-21,2018-08-07,2018-08-21
2018-08-07,8480.0,70.0,71.8531,70.9702,0.8828999999999922,0.00832342449464929,0.012440432745011165,0.6690622959227147,2018-08-07,2018-07-25,2018-08-07
2018-07-24,8410.0,-125.0,70.9702,75.8703,-4.900099999999995,-0.014645577035735213,-0.06458521977638143,0.2267636014314694,2018-07-24,2018-07-11,2018-07-24
2018-07-10,8535.0,270.0,75.8703,74.29870000000001,1.5715999999999894,0.03266787658802173,0.021152456234092787,1.544401095858021,2018-07-10,2018-06-27,2018-07-10
2018-06-26,8265.0,-55.0,74.29870000000001,75.1245,-0.8257999999999868,-0.006610576923076872,-0.010992419250710261,0.601375982147855,2018-06-26,2018-06-12,2018-06-26
2018-06-09,8320.0,-130.0,75.1245,76.1687,-1.0442000000000036,-0.01538461538461533,-0.013709043215914152,1.1222238592665672,2018-06-08,2018-05-24,2018-06-08
2018-05-26,8450.0,260.0,76.1687,72.3266,3.842100000000002,0.031746031746031855,0.05312153481568327,0.5976113426726397,2018-05-25,2018-05-14,2018-05-25
2018-05-12,8190.0,100.0,72.3266,70.9079,1.4187000000000012,0.012360939431396822,0.020007643718118917,0.6178108529692958,2018-05-11,2018-04-26,2018-05-11
2018-04-27,8090.0,255.0,70.9079,66.7137,4.194199999999995,0.03254626675175487,0.06286864617012689,0.517686776070896,2018-04-27,2018-04-16,2018-04-27
2018-04-13,7835.0,55.0,66.7137,65.3389,1.3748000000000076,0.007069408740359995,0.021041064358292116,0.3359815178538721,2018-04-13,2018-03-29,2018-04-13
2018-03-29,7780.0,170.0,65.3389,63.251,2.0878999999999976,0.02233902759526929,0.0330097547864856,0.6767401860378262,2018-03-29,2018-03-16,2018-03-29
2018-03-01,7610.0,-190.0,63.251,65.0638,-1.8128000000000029,-0.024358974358974383,-0.027861883259201026,0.8742759465453631,2018-03-01,2018-02-16,2018-03-01
2018-02-10,7800.0,-170.0,65.0638,67.3045,-2.240700000000004,-0.021329987452948562,-0.03329197899100367,0.6406944885647219,2018-02-09,2018-01-29,2018-02-09
2018-01-27,7970.0,65.0,67.3045,65.98429999999999,1.320200000000014,0.008222643896268256,0.020007789731800063,0.41097212668120536,2018-01-26,2018-01-15,2018-01-26
2018-01-13,7905.0,180.0,65.98429999999999,62.6288,3.355499999999992,0.023300970873786353,0.05357758730807549,0.4349014586977176,2018-01-12,2017-12-29,2018-01-12
2017-12-29,7725.0,70.0,62.6288,61.127100000000006,1.5016999999999925,0.009144350097975096,0.024566845147242278,0.3722232156049384,2017-12-29,2017-12-14,2017-12-29
2017-11-17,7655.0,265.0,61.127100000000006,57.7555,3.371600000000008,0.035859269282814576,0.058377124256564494,0.6142691977291466,2017-11-17,2017-11-06,2017-11-17
2017-11-03,7390.0,150.0,57.7555,55.5015,2.253999999999998,0.02071823204419898,0.040611515004098875,0.5101565908611859,2017-11-03,2017-10-23,2017-11-03
2017-09-30,7240.0,210.0,55.5015,52.7934,2.7081000000000017,0.029871977240398362,0.05129618475036657,0.5823430609073688,2017-09-29,2017-09-18,2017-09-29
2017-09-16,7030.0,95.0,52.7934,49.4376,3.355799999999995,0.013698630136986356,0.06787950871401516,0.2018080330354245,2017-09-15,2017-09-04,2017-09-15
2017-08-05,6935.0,175.0,49.4376,46.546,2.891600000000004,0.025887573964497035,0.06212349074034296,0.4167115153380404,2017-08-04,2017-07-24,2017-08-04
2017-07-22,6760.0,75.0,46.546,44.8627,1.6833000000000027,0.011219147344801783,0.037521147857797255,0.29900863873679007,2017-07-21,2017-07-10,2017-07-21
2017-06-24,6685.0,-250.0,44.8627,48.467800000000004,-3.6051000000000073,-0.03604902667627974,-0.07438134183932443,0.4846514701785212,2017-06-23,2017-06-12,2017-06-23
2017-06-10,6935.0,-180.0,48.467800000000004,50.9641,-2.496299999999998,-0.025298664792691494,-0.04898153798458127,0.516493883892645,2017-06-09,2017-05-25,2017-06-09
2017-05-26,7115.0,140.0,50.9641,48.0427,2.9213999999999984,0.02007168458781372,0.06080840585562419,0.3300807561946188,2017-05-26,2017-05-15,2017-05-26
2017-05-12,6975.0,-250.0,48.0427,52.39919999999999,-4.35649999999999,-0.03460207612456745,-0.08314058229896626,0.4161875604881069,2017-05-12,2017-04-27,2017-05-12
2017-04-13,7225.0,200.0,52.39919999999999,49.104,3.295199999999994,0.028469750889679624,0.06710654936461369,0.4242469797544405,2017-04-13,2017-03-31,2017-04-13
2017-03-29,7025.0,-230.0,49.104,51.537,-2.433,-0.03170227429359063,-0.04720880144362305,0.671533132046354,2017-03-29,2017-03-16,2017-03-29
2017-03-15,7255.0,-85.0,51.537,53.92530000000001,-2.388300000000008,-0.011580381471389622,-0.044289044289044455,0.26147282374874364,2017-03-15,2017-03-02,2017-03-15
2017-02-15,7340.0,50.0,53.92530000000001,53.5596,0.3657000000000039,0.006858710562414272,0.006827907601998584,1.0045113323453105,2017-02-15,2017-02-02,2017-02-15
2017-01-26,7290.0,-70.0,53.5596,53.8481,-0.2884999999999991,-0.009510869565217406,-0.005357663501590615,1.775189793534768,2017-01-26,2017-01-13,2017-01-26
2017-01-13,7360.0,240.0,53.8481,53.079499999999996,0.7686000000000064,0.03370786516853941,0.014480166542639061,2.3278644668403126,2017-01-13,2016-12-30,2017-01-13
2016-12-29,7120.0,100.0,53.079499999999996,52.2085,0.8709999999999951,0.014245014245014342,0.016683107156880483,0.8538585834797197,2016-12-29,2016-12-14,2016-12-29
2016-12-15,7020.0,435.0,52.2085,46.1848,6.023699999999998,0.06605922551252852,0.13042602761081556,0.5064880585771253,2016-12-15,2016-12-02,2016-12-15
2016-12-01,6585.0,175.0,46.1848,42.758300000000006,3.426499999999997,0.027301092043681807,0.08013648812043495,0.34068241177042524,2016-12-01,2016-11-18,2016-12-01
2016-11-17,6410.0,-365.0,42.758300000000006,49.0942,-6.335899999999995,-0.0538745387453875,-0.12905597809924585,0.41745093515898374,2016-11-17,2016-11-04,2016-11-17
2016-10-20,6775.0,355.0,49.0942,44.500600000000006,4.593599999999995,0.055295950155763274,0.10322557448663594,0.5356807208946281,2016-10-20,2016-10-07,2016-10-20
2016-09-19,6420.0,-155.0,44.500600000000006,45.7127,-1.2120999999999924,-0.02357414448669204,-0.026515607260126695,0.889066739276308,2016-09-19,2016-09-05,2016-09-19
2016-09-02,6575.0,205.0,45.7127,44.0206,1.6920999999999964,0.032182103610675084,0.038438821824327674,0.8372291887028454,2016-09-02,2016-08-19,2016-09-02
2016-08-19,6370.0,175.0,44.0206,40.0166,4.004000000000005,0.02824858757062154,0.1000584757325711,0.28232078655807513,2016-08-19,2016-08-05,2016-08-19
2016-08-05,6195.0,-220.0,40.0166,43.0495,-3.032900000000005,-0.034294621979734985,-0.07045145704363598,0.486783714898809,2016-08-05,2016-07-25,2016-08-05
2016-07-22,6415.0,-155.0,43.0495,49.0141,-5.964599999999997,-0.023592085235920823,-0.12169151325842964,0.1938679584485041,2016-07-22,2016-07-11,2016-07-22
2016-06-09,6570.0,110.0,49.0141,48.52,0.494099999999996,0.017027863777089758,0.010183429513602515,1.6721148562323518,2016-06-09,2016-05-26,2016-06-09
2016-05-26,6460.0,210.0,48.52,44.2976,4.2224,0.033600000000000074,0.09531893375713363,0.3525007957559687,2016-05-26,2016-05-13,2016-05-26
2016-05-12,6250.0,120.0,44.2976,40.4734,3.8242000000000047,0.019575856443719397,0.09448674932177692,0.20718097071001293,2016-05-12,2016-04-28,2016-05-12
2016-04-27,6130.0,165.0,40.4734,30.030700000000003,10.442699999999995,0.027661357921207053,0.3477341520510675,0.07954742943150653,2016-04-27,2016-04-14,2016-04-27
2016-01-14,5965.0,-140.0,30.030700000000003,41.2004,-11.169699999999999,-0.0229320229320229,-0.2711065911981436,0.08458674070104985,2016-01-14,2015-12-31,2016-01-14
2015-12-02,6105.0,-145.0,41.2004,42.6682,-1.4677999999999969,-0.0232,-0.034400326238275714,0.6744122087477877,2015-12-02,2015-11-19,2015-12-02
2015-11-18,6250.0,-85.0,42.6682,44.56529999999999,-1.8970999999999947,-0.013417521704814472,-0.042568994262351945,0.31519470772841207,2015-11-18,2015-11-04,2015-11-18
2015-11-04,6335.0,-125.0,44.56529999999999,46.6749,-2.1096000000000075,-0.01934984520123839,-0.04519774011299449,0.4281153250773981,2015-11-04,2015-10-22,2015-11-04
2015-10-21,6460.0,50.0,46.6749,45.6613,1.0136000000000038,0.007800312012480548,0.022198229134956726,0.35139343616365254,2015-10-21,2015-10-08,2015-10-21
2015-09-17,6410.0,90.0,45.6613,43.90820000000001,1.7530999999999892,0.014240506329114,0.0399264829803998,0.35666818778164777,2015-09-17,2015-09-03,2015-09-17
2015-09-02,6320.0,-125.0,43.90820000000001,47.2253,-3.3170999999999893,-0.019394879751745586,-0.0702398925999409,0.2761234255042398,2015-09-02,2015-08-19,2015-09-02
2015-08-19,6445.0,-210.0,47.2253,51.114599999999996,-3.8892999999999986,-0.03155522163786628,-0.07608980604367444,0.4147102388426913,2015-08-19,2015-08-04,2015-08-19
2015-08-05,6655.0,-220.0,51.114599999999996,55.3615,-4.246900000000004,-0.03200000000000003,-0.07671215555936894,0.417143799006334,2015-08-05,2015-07-23,2015-08-05
2015-07-22,6875.0,-265.0,55.3615,58.452099999999994,-3.090599999999995,-0.03711484593837533,-0.052874062694069024,0.7019480638952029,2015-07-22,2015-07-08,2015-07-22
2015-07-08,7140.0,-95.0,58.452099999999994,61.393899999999995,-2.9418000000000006,-0.01313061506565305,-0.04791681258235758,0.2740293929836141,2015-07-08,2015-06-25,2015-07-08
2015-06-09,7235.0,-110.0,61.393899999999995,63.94749999999999,-2.553599999999996,-0.01497617426820963,-0.039932757340005454,0.3750348151693044,2015-06-09,2015-05-26,2015-06-09
2015-05-12,7345.0,255.0,63.94749999999999,60.097300000000004,3.8501999999999867,0.03596614950634702,0.06406610613122354,0.5613912203853825,2015-05-12,2015-04-27,2015-05-12
2015-04-25,7090.0,300.0,60.097300000000004,55.0048,5.092500000000001,0.044182621502209196,0.09258282913491178,0.47722263312807434,2015-04-24,2015-04-13,2015-04-24
2015-04-11,6790.0,120.0,55.0048,53.0558,1.9490000000000052,0.01799100449775115,0.03673490928418777,0.48975225060635247,2015-04-10,2015-03-26,2015-04-10
2015-03-27,6670.0,-240.0,53.0558,58.39110000000001,-5.335300000000011,-0.0347322720694645,-0.0913718015245476,0.3801202503393069,2015-03-27,2015-03-16,2015-03-27
2015-02-28,6910.0,390.0,58.39110000000001,51.657799999999995,6.733300000000014,0.059815950920245387,0.1303443042483423,0.4589072860926803,2015-02-27,2015-02-12,2015-02-27
2015-02-10,6520.0,290.0,51.657799999999995,45.4481,6.209699999999998,0.0465489566613162,0.13663277452742806,0.3406866092144812,2015-02-10,2015-01-28,2015-02-10
2015-01-27,6230.0,-365.0,45.4481,49.6274,-4.179300000000005,-0.055344958301743796,-0.0842135594449841,0.6571977086172224,2015-01-27,2015-01-14,2015-01-27
2015-01-13,6595.0,-180.0,49.6274,58.639799999999994,-9.012399999999992,-0.0265682656826568,-0.1536908379632944,0.17286824663550882,2015-01-13,2014-12-30,2015-01-13
2014-12-27,6775.0,-520.0,58.639799999999994,65.4117,-6.771900000000002,-0.0712816997943797,-0.10352735061158791,0.6885301263220106,2014-12-24,2014-12-11,2014-12-24
2014-12-13,7295.0,-170.0,65.4117,79.477,-14.065300000000008,-0.022772940388479546,-0.17697321237590757,0.12868015493840787,2014-12-12,2014-12-01,2014-12-12
2014-11-15,7465.0,-190.0,79.477,83.98179999999999,-4.504799999999989,-0.024820378837361212,-0.05364019347048987,0.4627197858825049,2014-11-14,2014-11-03,2014-11-14
2014-11-01,7655.0,-245.0,83.98179999999999,87.05359999999999,-3.071799999999996,-0.031012658227848156,-0.03528630636757124,0.8788864979177688,2014-10-31,2014-10-17,2014-10-31
2014-10-18,7900.0,-300.0,87.05359999999999,94.76379999999999,-7.7102,-0.03658536585365857,-0.08136229235214287,0.4496599689609778,2014-10-17,2014-10-03,2014-10-17
2014-09-30,8200.0,-100.0,94.76379999999999,96.9804,-2.216600000000014,-0.012048192771084376,-0.022856164750815755,0.5271309908043241,2014-09-30,2014-09-17,2014-09-30
2014-09-17,8300.0,-140.0,96.9804,99.9798,-2.9993999999999943,-0.016587677725118488,-0.03000006001212241,0.5529214847708888,2014-09-17,2014-09-04,2014-09-17
2014-09-02,8440.0,-105.0,99.9798,101.441,-1.4612000000000052,-0.012287887653598561,-0.014404432132964051,0.8530629697978964,2014-09-02,2014-08-19,2014-09-02
2014-08-19,8545.0,-190.0,101.441,105.10810000000001,-3.667100000000005,-0.021751574127074957,-0.034888843010196235,0.6234535814420122,2014-08-19,2014-08-06,2014-08-19
2014-07-22,8735.0,-245.0,105.10810000000001,112.0944,-6.986299999999986,-0.02728285077950998,-0.062325147375783096,0.4377502810384198,2014-07-22,2014-07-09,2014-07-22
2014-06-24,8980.0,165.0,112.0944,107.8368,4.2575999999999965,0.01871809415768566,0.039481883735422274,0.4740932393986106,2014-06-24,2014-06-11,2014-06-24
2014-05-24,8815.0,70.0,107.8368,108.23229999999998,-0.3954999999999842,0.008004574042309809,-0.0036541771726184002,-2.190527077419766,2014-05-23,2014-05-09,2014-05-23
2014-05-10,8745.0,-50.0,108.23229999999998,109.5261,-1.2938000000000187,-0.005685048322910724,-0.01181270948203228,0.4812653973720395,2014-05-09,2014-04-24,2014-05-09
2014-04-25,8795.0,155.0,109.5261,107.80170000000001,1.7243999999999886,0.01793981481481488,0.015996037168244825,1.1215161996765564,2014-04-25,2014-04-10,2014-04-25
2014-03-27,8640.0,-135.0,107.80170000000001,108.08579999999999,-0.2840999999999809,-0.01538461538461533,-0.002628467384244604,5.853074486232106,2014-03-27,2014-03-14,2014-03-27
2014-02-27,8775.0,205.0,108.08579999999999,107.83720000000001,0.24859999999998195,0.02392065344224048,0.0023053269187254255,10.37625216967743,2014-02-27,2014-02-14,2014-02-27
2014-01-25,8570.0,-130.0,107.83720000000001,107.64439999999999,0.19280000000001962,-0.014942528735632177,0.001791082490125051,-8.34273620451111,2014-01-24,2014-01-13,2014-01-24
2014-01-11,8700.0,165.0,107.64439999999999,108.56710000000001,-0.9227000000000203,0.019332161687170446,-0.008498891468962655,-2.274668615050577,2014-01-10,2013-12-27,2014-01-10
2013-12-13,8535.0,60.0,108.56710000000001,108.0027,0.5644000000000062,0.0070796460176991705,0.005225795281043943,1.3547499733447055,2013-12-13,2013-12-02,2013-12-13
2013-11-29,8475.0,160.0,108.0027,104.51020000000001,3.4924999999999926,0.019242333132892364,0.03341779079936691,0.5758110477266171,2013-11-29,2013-11-18,2013-11-29
2013-11-15,8315.0,-160.0,104.51020000000001,106.8848,-2.3745999999999867,-0.01887905604719764,-0.02221644237534226,0.8497785436677863,2013-11-15,2013-11-04,2013-11-15
2013-11-01,8475.0,-75.0,106.8848,109.56530000000001,-2.680500000000009,-0.00877192982456143,-0.024464862506651364,0.35855218161052693,2013-11-01,2013-10-21,2013-11-01
2013-09-30,8550.0,-245.0,109.56530000000001,113.5062,-3.940899999999999,-0.027856736782262637,-0.03471968932093572,0.8023325475284488,2013-09-30,2013-09-17,2013-09-30
2013-09-14,8795.0,90.0,113.5062,109.93300000000002,3.5731999999999857,0.010338885697874778,0.03250343390974497,0.31808595136697354,2013-09-13,2013-09-02,2013-09-13
2013-08-31,8705.0,235.0,109.93300000000002,105.8866,4.04640000000002,0.02774498229043676,0.038214467175261335,0.7260334721714465,2013-08-30,2013-08-16,2013-08-30
2013-07-20,8470.0,325.0,105.8866,101.872,4.0146000000000015,0.039901780233271955,0.03940827705355732,1.0125228306491032,2013-07-19,2013-07-08,2013-07-19
2013-07-06,8145.0,-80.0,101.872,103.43139999999998,-1.5593999999999824,-0.009726443768997006,-0.015076659505720569,0.6451325484472527,2013-07-05,2013-06-24,2013-07-05
2013-06-22,8225.0,100.0,103.43139999999998,100.7218,2.7095999999999805,0.012307692307692353,0.026901822644154194,0.4575040312507165,2013-06-21,2013-06-10,2013-06-21
2013-06-07,8125.0,-95.0,100.7218,101.2298,-0.5079999999999956,-0.011557177615571734,-0.005018285129477662,2.303013343678757,2013-06-07,2013-05-23,2013-06-07
2013-05-10,8220.0,95.0,101.2298,98.55699999999999,2.6728000000000094,0.011692307692307669,0.027119331960185677,0.43114290976906555,2013-05-10,2013-04-25,2013-05-10
2013-04-25,8125.0,-395.0,98.55699999999999,106.8714,-8.314400000000006,-0.04636150234741787,-0.07779817612569884,0.5959201700630025,2013-04-25,2013-04-12,2013-04-25
2013-03-27,8520.0,-310.0,106.8714,116.275,-9.403600000000012,-0.035107587768969384,-0.08087379058267052,0.4341034037854554,2013-03-27,2013-03-14,2013-03-27
2013-02-25,8830.0,300.0,116.275,107.2586,9.016400000000004,0.035169988276670505,0.08406225701249137,0.41838025204872104,2013-02-25,2013-02-08,2013-02-25
2012-11-16,8530.0,-310.0,107.2586,113.4442,-6.185599999999994,-0.03506787330316741,-0.054525484775775124,0.643146474485772,2012-11-16,2012-11-02,2012-11-16
2012-09-11,8840.0,550.0,113.4442,108.2338,5.210399999999993,0.06634499396863691,0.04814022976186738,1.378161140834226,2012-09-11,2012-08-29,2012-09-11
2012-08-11,8290.0,390.0,108.2338,99.721,8.512799999999999,0.04936708860759498,0.08536617161881654,0.5782980268581402,2012-08-10,2012-07-27,2012-08-10
2012-07-12,7900.0,-420.0,99.721,105.50750000000001,-5.786500000000004,-0.050480769230769273,-0.05484444233822239,0.9204354548717516,2012-07-12,2012-06-29,2012-07-12
2012-06-10,8320.0,-530.0,105.50750000000001,117.6249,-12.11739999999999,-0.059887005649717495,-0.10301730330907821,0.5813295798477774,2012-06-08,2012-05-24,2012-06-08
2012-05-11,8850.0,-330.0,117.6249,127.6813,-10.056399999999996,-0.03594771241830064,-0.07876172939968495,0.4564109078392637,2012-05-11,2012-04-26,2012-05-11
2012-03-21,9180.0,600.0,127.6813,115.33789999999999,12.343400000000003,0.06993006993007,0.10701946194615997,0.6534332041890742,2012-03-21,2012-03-08,2012-03-21
2012-02-09,8580.0,300.0,115.33789999999999,104.6176,10.720299999999995,0.03623188405797095,0.1024712859021808,0.35358084695607267,2012-02-09,2012-01-27,2012-02-09
2011-10-10,8280.0,-300.0,104.6176,118.03099999999999,-13.413399999999996,-0.034965034965035,-0.11364302598469889,0.3076742691605445,2011-10-10,2011-09-27,2011-10-10
2011-04-08,8580.0,500.0,118.03099999999999,101.1601,16.870899999999992,0.061881188118811936,0.16677425190366546,0.3710476132404218,2011-04-08,2011-03-28,2011-04-08
2011-02-21,8080.0,350.0,101.1601,92.1243,9.035799999999995,0.04527813712807238,0.09808269913584144,0.46163225040701206,2011-02-21,2011-02-08,2011-02-21
2010-12-23,7730.0,310.0,92.1243,81.5098,10.614500000000007,0.0417789757412399,0.13022360501436636,0.32082490525915647,2010-12-23,2010-12-10,2010-12-23
2010-10-27,7420.0,230.0,81.5098,72.8736,8.636200000000002,0.03198887343532686,0.11850930926974934,0.26992709376538687,2010-10-27,2010-10-14,2010-10-27
2010-06-02,7190.0,-230.0,72.8736,85.2831,-12.409500000000008,-0.030997304582210283,-0.14550948546664,0.2130260063995404,2010-06-02,2010-05-18,2010-06-02
2010-04-15,7420.0,320.0,85.2831,77.96770000000001,7.315399999999997,0.04507042253521121,0.0938260330880607,0.4803615910406255,2010-04-15,2010-03-31,2010-04-15
2009-11-11,7100.0,480.0,77.96770000000001,68.5205,9.44720000000001,0.0725075528700907,0.13787406688509285,0.525896961685478,2009-11-11,2009-10-29,2009-11-11
2009-10-12,6620.0,0.0,68.5205,67.6425,0.8780000000000001,0.0,0.012980005174261677,0.0,2009-10-12,2009-09-29,2009-10-12
2009-10-01,6620.0,-190.0,67.6425,72.1395,-4.497,-0.027900146842878115,-0.06233755432183474,0.4475656311255964,2009-10-01,2009-09-17,2009-10-01
2009-09-03,6810.0,300.0,72.1395,67.25370000000001,4.885799999999989,0.04608294930875578,0.07264730416319076,0.6343380506623848,2009-09-03,2009-08-20,2009-09-03
2009-07-30,6510.0,-220.0,67.25370000000001,70.2986,-3.044899999999984,-0.03268945022288261,-0.04331380710284394,0.7547120054643328,2009-07-30,2009-07-17,2009-07-30
2009-07-01,6730.0,600.0,70.2986,62.77419999999999,7.5244,0.09787928221859699,0.1198645303325252,0.816582536527384,2009-07-01,2009-06-18,2009-07-01
2009-06-02,6130.0,400.0,62.77419999999999,58.373599999999996,4.400599999999997,0.06980802792321117,0.07538681869886377,0.9259977954775178,2009-06-02,2009-05-19,2009-06-02
2009-05-20,5730.0,0.0,58.373599999999996,50.4698,7.903799999999997,0.0,0.1566045437073258,0.0,2009-05-20,2009-05-07,2009-05-20
2009-04-02,5730.0,0.0,50.4698,48.822900000000004,1.6468999999999951,0.0,0.03373212160686889,0.0,2009-04-02,2009-03-20,2009-04-02
2009-03-26,5730.0,290.0,48.822900000000004,44.6541,4.1688000000000045,0.053308823529411686,0.09335760881979493,0.5710174478902081,2009-03-26,2009-03-13,2009-03-26
2009-01-15,5440.0,-140.0,44.6541,41.9293,2.724800000000002,-0.02508960573476704,0.06498558287402845,-0.38607956757735146,2009-01-15,2009-01-02,2009-01-15
2008-12-20,5580.0,-900.0,41.9293,133.43329999999997,-91.50399999999998,-0.13888888888888884,-0.6857658470561696,0.20253106725146192,2008-12-19,2008-12-05,2008-12-19
2008-06-21,6480.0,1000.0,133.43329999999997,86.4475,46.98579999999997,0.18248175182481763,0.5435183203678529,0.33574167601436894,2008-06-20,2008-06-09,2008-06-20
2007-11-02,5480.0,500.0,86.4475,50.9956,35.4519,0.10040160642570273,0.6951952717489351,0.1444221652617368,2007-11-02,2007-10-22,2007-11-02
2007-01-15,4980.0,-220.0,50.9956,67.48519999999999,-16.48959999999999,-0.04230769230769227,-0.2443439450427648,0.17314811013748518,2007-01-15,2007-01-02,2007-01-15
2006-05-25,5200.0,500.0,67.48519999999999,60.683499999999995,6.801699999999997,0.1063829787234043,0.11208483360386268,0.9491291132160642,2006-05-25,2006-05-11,2006-05-25
2006-03-27,4700.0,300.0,60.683499999999995,55.461400000000005,5.22209999999999,0.06818181818181812,0.09415737792410561,0.7241261352538431,2006-03-27,2006-03-14,2006-03-27
2005-07-24,4400.0,300.0,55.461400000000005,54.2259,1.2355000000000018,0.07317073170731714,0.022784315244191555,3.2114518660362497,2005-07-22,2005-07-11,2005-07-22
2005-06-26,4100.0,200.0,54.2259,47.1706,7.055300000000003,0.05128205128205132,0.1495698591919543,0.3428635392123836,2005-06-24,2005-06-13,2005-06-24
2005-05-25,3900.0,-150.0,47.1706,49.5221,-2.3515000000000015,-0.03703703703703709,-0.04748385064445981,0.7799922823099519,2005-05-25,2005-05-11,2005-05-25
2005-05-11,4050.0,0.0,49.5221,52.424099999999996,-2.901999999999994,0.0,-0.05535621975389171,-0.0,2005-05-11,2005-04-27,2005-05-11
2005-03-24,4050.0,300.0,52.424099999999996,42.5642,9.859899999999996,0.08000000000000007,0.2316477227341287,0.3453519812574167,2005-03-24,2005-03-11,2005-03-24
2004-08-26,3750.0,240.0,42.5642,36.9431,5.621099999999998,0.06837606837606836,0.1521556122794243,0.44938249303942834,2004-08-26,2004-08-13,2004-08-26
2004-05-19,3510.0,0.0,36.9431,32.1904,4.752700000000004,0.0,0.14764339678910487,0.0,2004-05-19,2004-05-06,2004-05-19
2004-04-01,3510.0,300.0,32.1904,29.1307,3.059699999999996,0.09345794392523366,0.10503352133659671,0.8897915897319364,2004-04-01,2004-03-19,2004-04-01
2003-12-07,3210.0,200.0,29.1307,26.560900000000004,2.569799999999997,0.06644518272425248,0.0967512396040795,0.6867631153477318,2003-12-05,2003-11-21,2003-12-05
2003-07-02,3010.0,90.0,26.560900000000004,24.831,1.7299000000000042,0.03082191780821919,0.06966694857234934,0.44241808260355386,2003-07-02,2003-06-19,2003-07-02
2003-05-11,2920.0,-290.0,24.831,30.615199999999998,-5.7841999999999985,-0.09034267912772587,-0.1889322950691159,0.4781748884947191,2003-05-09,2003-04-25,2003-05-09
2003-02-02,3210.0,190.0,30.615199999999998,28.575400000000002,2.039799999999996,0.0629139072847682,0.07138307775219221,0.8813560477621194,2003-01-31,2003-01-20,2003-01-31
2002-10-12,3020.0,200.0,28.575400000000002,25.715300000000003,2.860099999999999,0.07092198581560294,0.11122172403199637,0.6376630683696293,2002-10-11,2002-09-30,2002-10-11
2002-05-05,2820.0,240.0,25.715300000000003,25.2698,0.44550000000000267,0.09302325581395343,0.017629739847565107,5.276496228434201,2002-05-03,2002-04-19,2002-05-03
2002-04-05,2580.0,260.0,25.2698,19.933,5.3368,0.11206896551724133,0.26773691867756977,0.4185786781695346,2002-04-05,2002-03-22,2002-04-05
2002-03-05,2320.0,130.0,19.933,18.6481,1.2849000000000004,0.05936073059360725,0.06890246191300986,0.8615182817204825,2002-03-05,2002-02-18,2002-03-05
2002-01-02,2190.0,-230.0,18.6481,18.369899999999998,0.2782000000000018,-0.0950413223140496,0.015144339381270466,-6.275699449233852,2002-01-02,2001-12-18,2002-01-02
2001-11-25,2420.0,-360.0,18.369899999999998,19.915399999999998,-1.5455000000000005,-0.1294964028776978,-0.07760326179740307,1.6686979371533492,2001-11-23,2001-11-09,2001-11-23
2001-10-18,2780.0,250.0,19.915399999999998,25.437199999999997,-5.521799999999999,0.09881422924901195,-0.2170757787806834,-0.4552061487654328,2001-10-18,2001-10-05,2001-10-18
2001-09-10,2530.0,0.0,25.437199999999997,24.766399999999997,0.6707999999999998,0.0,0.027085083015698785,0.0,2001-09-10,2001-08-28,2001-09-10
2001-08-09,2530.0,-280.0,24.766399999999997,25.8859,-1.1195000000000022,-0.09964412811387902,-0.04324748222005037,2.3040446055766473,2001-08-08,2001-07-26,2001-08-08
2001-07-04,2810.0,-450.0,25.8859,28.203700000000005,-2.3178000000000054,-0.1380368098159509,-0.08218070678669842,1.6796741621391509,2001-07-04,2001-06-21,2001-07-04
2001-06-06,3260.0,190.0,28.203700000000005,27.1359,1.0678000000000054,0.061889250814332275,0.039350086048371535,1.5727856538421343,2001-06-06,2001-05-23,2001-06-06
2001-05-15,3070.0,100.0,27.1359,24.558,2.5778999999999996,0.03367003367003374,0.10497190324945027,0.3207528169706694,2001-05-15,2001-04-30,2001-05-15
2001-04-10,2970.0,-110.0,24.558,24.906399999999998,-0.34839999999999804,-0.0357142857142857,-0.01398837246651452,2.5531408889618037,2001-04-10,2001-03-28,2001-04-10
2001-03-07,3080.0,210.0,24.906399999999998,25.8113,-0.9049000000000014,0.07317073170731714,-0.035058288424062334,-2.087116485044839,2001-03-07,2001-02-21,2001-03-07
2001-02-06,2870.0,-165.0,25.8113,23.3093,2.501999999999999,-0.054365733113673764,0.10733913073322654,-0.5064856845989437,2001-02-06,2001-01-22,2001-02-06
2001-01-14,3035.0,-130.0,23.3093,23.661099999999998,-0.3517999999999972,-0.041074249605055346,-0.014868285920772828,2.762541010034624,2001-01-12,2000-12-29,2001-01-12
2000-12-21,3165.0,-20.0,23.661099999999998,31.8404,-8.179300000000001,-0.006279434850863463,-0.2568843356239243,0.024444600078910545,2000-12-21,2000-12-08,2000-12-21
2000-11-18,3185.0,-250.0,31.8404,31.608000000000004,0.23239999999999483,-0.07278020378457062,0.0073525689698807906,-9.89860878323058,2000-11-17,2000-11-06,2000-11-17
2000-10-20,3435.0,-180.0,31.608000000000004,32.8241,-1.2160999999999973,-0.049792531120331995,-0.037048997535347405,1.34396432920557,2000-10-20,2000-10-09,2000-10-20
2000-09-20,3615.0,210.0,32.8241,28.716900000000003,4.107199999999999,0.06167400881057272,0.1430237943510615,0.4312150232792016,2000-09-20,2000-09-07,2000-09-20
2000-08-18,3405.0,270.0,28.716900000000003,29.841200000000004,-1.1243000000000016,0.0861244019138756,-0.03767609881640155,-2.2859161277171043,2000-08-18,2000-08-07,2000-08-18
2000-07-15,3135.0,200.0,29.841200000000004,28.5668,1.2744000000000035,0.0681431005110733,0.04461122701877707,1.527487699058167,2000-07-14,2000-07-03,2000-07-14
2000-06-06,2935.0,,28.5668,,,,,,2000-06-06,2000-05-23,2000-06-06
