调整日期,汽油,汽油涨跌,汽油价格真实值_CNY_per_ton,汽油涨跌真实值_CNY_per_ton,匹配成本日期,国内成本基础_CNY_per_ton,理论国内成本基础_本期10工作日均值_CNY_per_ton,10工作日窗口开始日期,10工作日窗口结束日期,理论国内成本基础_上期10工作日均值_CNY_per_ton,理论国内成本基础涨跌值_CNY_per_ton,理论国内成本变化率,上期汽油价格真实值_CNY_per_ton,汽油价格变化率,汽油变化率_理论国内成本变化率比值
2026-05-09,1.009万,↑320,10089.999999999998,320.0,,,,,,,,,9770.0,0.03275332650972351,
2026-04-22,9770,↓555,9770.0,-555.0,,,,,,,,,10320.0,-0.053294573643410836,
2026-04-08,1.032万,↑420,10320.0,420.0,,,,,,,,,9905.0,0.0418980312973245,
2026-03-24,9905,↑1160,9905.0,1160.0,,,,,,,,,8745.0,0.13264722698684972,
2026-03-10,8745,↑695,8745.0,695.0,,,,,,,,,8050.0,0.08633540372670812,
2026-02-25,8050,↑175,8050.0,175.0,,,,,,,,,7875.0,0.022222222222222143,
2026-02-04,7875,↑205,7875.0,205.0,,,,,,,,,7670.0,0.02672750977835725,
2026-01-21,7670,↑85,7670.0,85.0,,,,,,,,,7585.0,0.011206328279498967,
2025-12-23,7585,↓170,7585.0,-170.0,,,,,,,,,7755.0,-0.02192134107027721,
2025-12-09,7755,↓55,7755.0,-55.0,,,,,,,,,7810.0,-0.007042253521126751,
2025-11-25,7810,↓70,7810.0,-70.0,,,,,,,,,7880.0,-0.008883248730964466,
2025-11-11,7880,↑125,7880.0,125.0,,,,,,,,,7755.0,0.01611863313990969,
2025-10-28,7755,↓265,7755.0,-265.0,,,,,,,,,8020.0,-0.03304239401496256,
2025-10-14,8020,↓75,8020.0,-75.0,,,,,,,,,8095.0,-0.009264978381717137,
2025-08-27,8095,↓180,8095.0,-180.0,,,,,,,,,8275.0,-0.021752265861027187,
2025-07-16,8275,↓130,8275.0,-130.0,,,,,,,,,8405.0,-0.015466983938132062,
2025-07-02,8405,↑235,8405.0,235.0,,,,,,,,,8170.0,0.028763769889840862,
2025-06-18,8170,↑260,8170.0,260.0,,,,,,,,,7910.0,0.03286978508217442,
2025-06-04,7910,↑65,7910.0,65.0,,,,,,,,,7845.0,0.008285532186105726,
2025-05-20,7845,↓230,7845.0,-230.0,,,,,,,,,8075.0,-0.02848297213622286,
2025-04-18,8075,↓480,8075.0,-480.0,,,,,,,,,8555.0,-0.05610753945061364,
2025-04-03,8555,↑230,8555.0,230.0,,,,,,,,,8325.0,0.027627627627627716,
2025-03-20,8325,↓280,8325.0,-280.0,,,,,,,,,8605.0,-0.03253922138291687,
2025-03-06,8605,↓135,8605.0,-135.0,,,,,,4068.0477152742,,,8740.0,-0.01544622425629294,
2025-02-20,8740,↓170,8740.0,-170.0,2025-02-20,4097.815396197001,4068.0477152742,2025-02-07,2025-02-20,4263.7544646805,-195.70674940629988,-0.04590009838218134,8910.0,-0.019079685746352437,0.41567853705863234
2025-01-17,8910,↑340,8910.0,340.0,2025-01-17,4428.604001964,4263.7544646805,2025-01-06,2025-01-17,3929.1237444167004,334.6307202637995,0.08516675524391681,8570.0,0.03967327887981331,0.465830578682837
2025-01-03,8570,↑70,8570.0,70.0,2025-01-03,4064.852168496,3929.1237444167004,2024-12-18,2025-01-03,3819.6927683028,109.43097611390067,0.02864915655573097,8500.0,0.008235294117647118,0.2874532833672457
2024-11-07,8500,↓145,8500.0,-145.0,2024-11-07,3877.9345062400007,3819.6927683028,2024-10-24,2024-11-07,3869.2283898519004,-49.5356215491006,-0.012802454794093143,8645.0,-0.01677270098322725,1.3101160092333166
2024-10-24,8645,↑90,8645.0,90.0,2024-10-24,3880.659772386,3869.2283898519004,2024-10-11,2024-10-24,3924.4534288328005,-55.22503898090008,-0.014072033209813095,8555.0,0.010520163646990044,-0.7475937194103434
2024-10-11,8555,↑140,8555.0,140.0,2024-10-11,4060.05609672,3924.4534288328005,2024-09-30,2024-10-11,3766.9107618809003,157.54266695190017,0.04182277651654154,8415.0,0.016636957813428443,0.39779658834578513
2024-09-21,8415,↓365,8415.0,-365.0,2024-09-20,3834.689863568001,3766.9107618809003,2024-09-09,2024-09-20,4368.803122156601,-601.8923602757004,-0.13777053885151602,8780.0,-0.041571753986332616,0.3017463264126238
2024-09-06,8780,↓100,8780.0,-100.0,2024-09-06,3771.945943168,4368.803122156601,2024-07-10,2024-09-06,,,,8880.0,-0.011261261261261257,
2024-08-09,8880,↓305,8880.0,-305.0,,,,,,4521.6735872224,,,9185.0,-0.03320631464344037,
2024-07-26,9185,↓145,9185.0,-145.0,2024-07-19,4484.838735764,4521.6735872224,2024-07-08,2024-07-19,4582.674959476601,-61.00137225420076,-0.013311302414773074,9330.0,-0.015541264737406246,1.167523977229931
2024-07-12,9330,↑110,9330.0,110.0,2024-07-12,4564.023409296,4582.674959476601,2024-07-01,2024-07-12,4434.7471461759,147.92781330070102,0.033356538360537646,9220.0,0.01193058568329719,0.357668579225584
2024-06-28,9220,↑210,9220.0,210.0,2024-06-28,4499.445453994,4434.7471461759,2024-06-17,2024-06-28,4147.509855034501,287.2372911413986,0.06925536072994065,9010.0,0.023307436182020025,0.33654342330129106
2024-06-14,9010,↓190,9010.0,-190.0,2024-06-14,4263.363907254,4147.509855034501,2024-06-03,2024-06-14,4338.165463691299,-190.655608656798,-0.04394844093719075,9200.0,-0.020652173913043526,0.46991823765850393
2024-05-16,9200,↓235,9200.0,-235.0,2024-05-16,4299.795655771,4338.165463691299,2024-05-02,2024-05-16,4626.1833134853005,-288.01784979400145,-0.062258200827111865,9435.0,-0.0249072602013779,0.40006392524165946
2024-04-30,9435,↓70,9435.0,-70.0,2024-04-30,4607.743355556,4626.1833134853005,2024-04-17,2024-04-30,4744.1578402211,-117.97452673579937,-0.02486732750238796,9505.0,-0.007364544976328213,0.29615345579942237
2024-04-17,9505,↑200,9505.0,200.0,2024-04-17,4704.612650968,4744.1578402211,2024-04-03,2024-04-17,4495.4124808839,248.74535933720017,0.055333155832741454,9305.0,0.02149382052659865,0.3884437857036239
2024-04-02,9305,↑200,9305.0,200.0,2024-04-02,4665.89242734,4495.4124808839,2024-03-18,2024-04-02,4323.8011223932,171.61135849069979,0.03968992875317867,9105.0,0.021965952773201458,0.5534389570160732
2024-03-05,9105,↑125,9105.0,125.0,2024-03-05,4331.564140383999,4323.8011223932,2024-02-21,2024-03-05,4205.9353805539,117.86574183929952,0.028023669213809166,8980.0,0.013919821826280598,0.4967166048128115
2024-02-01,8980,↑200,8980.0,200.0,2024-02-01,4191.943215168,4205.9353805539,2024-01-19,2024-02-01,4021.3754840455003,184.55989650840002,0.04589471867042194,8780.0,0.02277904328018221,0.4963325615690671
2024-01-18,8780,↓50,8780.0,-50.0,2024-01-18,4077.857588853,4021.3754840455003,2024-01-05,2024-01-18,4027.0584764391,-5.682992393599761,-0.0014112018553613659,8830.0,-0.005662514156285381,4.012547272930975
2024-01-04,8830,↑200,8830.0,200.0,2024-01-04,3974.66472663,4027.0584764391,2023-12-19,2024-01-04,3924.8474206575,102.21105578159995,0.026042045671288205,8630.0,0.023174971031286296,0.8899059361084329
2023-12-20,8630,↓415,8630.0,-415.0,2023-12-20,4127.657114811001,3924.8474206575,2023-12-07,2023-12-20,4149.0636896915,-224.2162690340001,-0.05404020902139284,9045.0,-0.04588170259812052,0.8490289624889753
2023-12-06,9045,↓55,9045.0,-55.0,2023-12-06,3933.10370726,4149.0636896915,2023-11-23,2023-12-06,4276.2348387501,-127.17114905859944,-0.029739047048166878,9100.0,-0.0060439560439560225,0.20323300992687907
2023-11-22,9100,↓340,9100.0,-340.0,2023-11-22,4233.914381756001,4276.2348387501,2023-11-08,2023-11-22,4596.9020493101,-320.66721056000006,-0.0697572424037457,9440.0,-0.03601694915254239,0.5163184195854682
2023-11-08,9440,↓140,9440.0,-140.0,2023-11-08,4321.898142684,4596.9020493101,2023-10-26,2023-11-08,4793.2081258311,-196.30607652100025,-0.040955049596758886,9580.0,-0.014613778705636737,0.35682483233504003
2023-10-25,9580,↓70,9580.0,-70.0,2023-10-25,4684.176107397,4793.2081258311,2023-10-12,2023-10-25,4795.9455500282,-2.737424197100154,-0.0005707788315244544,9650.0,-0.007253886010362698,12.708750937712225
2023-10-11,9650,↓85,9650.0,-85.0,2023-10-11,4639.079812168,4795.9455500282,2023-09-28,2023-10-11,4938.122423228,-142.17687319979996,-0.02879168659955178,9735.0,-0.008731381612737565,0.30326051176430535
2023-09-21,9735,↑385,9735.0,385.0,2023-09-21,4932.962529834001,4938.122423228,2023-09-08,2023-09-21,4515.5248291101,422.59759411790037,0.0935877024512306,9350.0,0.04117647058823537,0.4399773635824942
2023-08-24,9350,↑55,9350.0,55.0,2023-08-24,4445.826649128001,4515.5248291101,2023-08-11,2023-08-24,4442.211352978401,73.31347613169874,0.016503824403254486,9295.0,0.00591715976331364,0.35853264181281524
2023-08-10,9295,↑240,9295.0,240.0,2023-08-10,4602.7262403,4442.211352978401,2023-07-27,2023-08-10,4205.0924790051995,237.11887397320152,0.056388503976325666,9055.0,0.02650469353948104,0.47003718258971466
2023-07-27,9055,↑275,9055.0,275.0,2023-07-27,4333.948209689999,4205.0924790051995,2023-07-14,2023-07-27,4023.1675239848,181.92495502039947,0.04521933375526199,8780.0,0.031321184510250566,0.6926502871485992
2023-07-13,8780,↑155,8780.0,155.0,2023-07-13,4152.82819041,4023.1675239848,2023-06-30,2023-07-13,3870.4364955299,152.73102845489984,0.03946093124930328,8625.0,0.017971014492753623,0.4554128329921489
2023-06-29,8625,↑70,8625.0,70.0,2023-06-28,3839.181771130001,3870.4364955299,2023-06-15,2023-06-28,3803.4764602839,66.96003524600019,0.01760495587266031,8555.0,0.008182349503214503,0.4647753486233565
2023-06-14,8555,↓55,8555.0,-55.0,2023-06-14,3828.394251178,3803.4764602839,2023-05-31,2023-06-14,3799.4789675990005,3.9974926848994983,0.0010521160187986212,8610.0,-0.006387921022067311,-6.071498682589665
2023-05-31,8610,↑100,8610.0,100.0,2023-05-31,3698.170691623,3799.4789675990005,2023-05-17,2023-05-31,3699.6746350748,99.80433252420062,0.02697651614496177,8510.0,0.011750881316098694,0.43559669651017296
2023-05-17,8510,↓380,8510.0,-380.0,2023-05-17,3726.41296832,3699.6746350748,2023-05-03,2023-05-17,4063.0384643019,-363.36382922710027,-0.0894315504073212,8890.0,-0.042744656917885315,0.4779594754111081
2023-04-29,8890,↓160,8890.0,-160.0,2023-04-28,3978.472877132,4063.0384643019,2023-04-17,2023-04-28,4199.9810248167,-136.94256051479942,-0.032605518859642024,9050.0,-0.0176795580110497,0.5422259368776015
2023-04-18,9050,↑550,9050.0,550.0,2023-04-18,4180.11437196,4199.9810248167,2023-04-03,2023-04-18,3689.4972275262007,510.48379729049884,0.138361344597832,8500.0,0.06470588235294117,0.46765866970300496
2023-04-01,8500,↓335,8500.0,-335.0,2023-03-31,3822.35313932,3689.4972275262007,2023-03-20,2023-03-31,3918.9384568248997,-229.441229298699,-0.05854678041680472,8835.0,-0.03791737408036222,0.6476423436168792
2023-03-18,8835,↓100,8835.0,-100.0,2023-03-17,3603.22749518,3918.9384568248997,2023-02-27,2023-03-17,3999.2512636092006,-80.31280678430085,-0.02008196071977264,8935.0,-0.011191941801902638,0.5573132005423697
2023-02-04,8935,↑210,8935.0,210.0,2023-02-03,3856.696240254,3999.2512636092006,2023-01-19,2023-02-03,3811.3541177888,187.8971458204005,0.049299314630310676,8725.0,0.024068767908309363,0.4882170896045515
2023-01-18,8725,↓205,8725.0,-205.0,2023-01-18,4045.717044435,3811.3541177888,2023-01-05,2023-01-18,3874.519105201,-63.164987412199935,-0.01630266510427314,8930.0,-0.02295632698768202,1.4081333843792736
2023-01-04,8930,↑250,8930.0,250.0,2023-01-04,3707.638821104,3874.519105201,2022-12-19,2023-01-04,3819.0571095299993,55.46199567100075,0.0145224316055923,8680.0,0.02880184331797242,1.9832658951467466
2022-12-20,8680,↓480,8680.0,-480.0,2022-12-20,3820.823622671001,3819.0571095299993,2022-12-07,2022-12-20,4199.350656178201,-380.2935466482013,-0.09056008363786028,9160.0,-0.05240174672489084,0.5786406617560073
2022-12-06,9160,↓440,9160.0,-440.0,2022-12-06,3960.86844252,4199.350656178201,2022-11-23,2022-12-06,4606.049020998301,-406.6983648201003,-0.0882965776017629,9600.0,-0.04583333333333328,0.5190839167068485
2022-11-22,9600,↓175,9600.0,-175.0,2022-11-22,4398.220311213,4606.049020998301,2022-11-09,2022-11-22,4926.8340896021,-320.7850686037991,-0.06510977694191167,9775.0,-0.01790281329923271,0.2749635176174061
2022-11-08,9775,↑155,9775.0,155.0,2022-11-08,5027.592167935,4926.8340896021,2022-10-26,2022-11-08,4768.5727990525,158.26129054959983,0.03318839770697135,9620.0,0.016112266112266127,0.4854788789300811
2022-10-25,9620,↑185,9620.0,185.0,2022-10-25,4768.607836086001,4768.5727990525,2022-10-11,2022-10-25,4569.1226190127,199.45018003980022,0.043651746006960535,9435.0,0.019607843137254832,0.44918806075084017
2022-09-22,9435,↓290,9435.0,-290.0,2022-09-22,4608.045604441,4569.1226190127,2022-09-08,2022-09-22,4763.8114781468,-194.6888591341003,-0.04086829632683897,9725.0,-0.029820051413881776,0.7296622099291766
2022-09-07,9725,↑190,9725.0,190.0,2022-09-07,4510.7877493940005,4763.8114781468,2022-08-24,2022-09-07,4687.1886258344,76.62285231240003,0.016347294386677147,9535.0,0.019926586261143076,1.2189531667933386
2022-08-24,9535,↓205,9535.0,-205.0,2022-08-24,4872.417232672001,4687.1886258344,2022-08-11,2022-08-24,4965.5773871172005,-278.38876128280026,-0.05606372423175965,9740.0,-0.02104722792607805,0.3754161574973459
2022-08-10,9740,↓130,9740.0,-130.0,2022-08-10,4724.700762256,4965.5773871172005,2022-07-20,2022-08-10,5166.975396277499,-201.3980091602989,-0.03897793074559519,9870.0,-0.01317122593718334,0.33791496072868854
2022-07-27,9870,↓300,9870.0,-300.0,2022-07-22,5187.532511384999,5166.975396277499,2022-07-08,2022-07-22,5380.2246442880005,-213.2492480105011,-0.03963575168499711,10169.999999999998,-0.029498525073746173,0.7442403340343846
2022-07-13,1.017万,↓360,10169.999999999998,-360.0,2022-07-13,4999.1716872100005,5380.2246442880005,2022-06-29,2022-07-13,5561.3881052527995,-181.16346096479901,-0.03257522358378262,10530.0,-0.0341880341880344,1.0495103464172295
2022-06-29,1.053万,↓320,10530.0,-320.0,2022-06-29,5769.265614000001,5561.3881052527995,2022-06-16,2022-06-29,5872.7319156425,-311.3438103897006,-0.05301515799834333,10850.0,-0.029493087557603714,0.5563142442869894
2022-06-15,1.085万,↑390,10850.0,390.0,2022-06-15,5882.542399737,5872.7319156425,2022-05-31,2022-06-15,5470.7207775959005,402.0111380465996,0.07348412656938108,10460.0,0.03728489483747599,0.5073870586496382
2022-05-31,1.046万,↑400,10460.0,400.0,2022-05-31,5793.57195264,5470.7207775959005,2022-05-18,2022-05-31,5190.060827247899,280.6599503480011,0.054076427943682726,10060.0,0.03976143141153088,0.7352821353684819
2022-05-17,1.006万,↑285,10060.0,285.0,2022-05-17,5501.502850695001,5190.060827247899,2022-04-29,2022-05-17,4883.7543593225,306.3064679253994,0.06271946649828886,9775.0,0.029156010230179108,0.46486381115780945
2022-04-29,9775,↑205,9775.0,205.0,2022-04-29,5058.81481237,4883.7543593225,2022-04-14,2022-04-29,4723.175676592,160.57868273050008,0.03399803304508153,9570.0,0.0214211076280042,0.6300690278052181
2022-04-16,9570,↓545,9570.0,-545.0,2022-04-14,4879.026195232,4723.175676592,2022-04-01,2022-04-14,5110.7311512161,-387.5554746241005,-0.07583170844975506,10120.0,-0.05434782608695654,0.7166899862603858
2022-04-01,1.012万,↑110,10120.0,110.0,2022-04-01,4803.330604632,5110.7311512161,2022-03-21,2022-04-01,5167.0963338009005,-56.365182584800095,-0.010908483013193249,10000.0,0.01200000000000001,-1.100061299585527
2022-03-18,1万,↑750,10000.0,750.0,2022-03-18,4898.275587396,5167.0963338009005,2022-03-07,2022-03-18,4759.5562886833995,407.540045117501,0.08562563827357028,9255.0,0.08049702863317121,0.9401042754973297
2022-03-04,9255,↑260,9255.0,260.0,2022-03-04,5148.7661608,4759.5562886833995,2022-02-21,2022-03-04,4358.0502759633,401.50601272009953,0.09212973400848412,8995.0,0.028904947192884833,0.3137417849293151
2022-02-18,8995,↑210,8995.0,210.0,2022-02-18,4310.707264559999,4358.0502759633,2022-02-07,2022-02-18,4069.2435894545,288.8066865087999,0.07097306419729854,8785.0,0.0239043824701195,0.33680922108234657
2022-01-30,8785,↑310,8785.0,310.0,2022-01-28,4169.12204008,4069.2435894545,2022-01-17,2022-01-28,3852.8127889552,216.43080049929995,0.0561747513711901,8475.0,0.036578171091445455,0.6511496748734167
2022-01-18,8475,↑345,8475.0,345.0,2022-01-18,4053.4671670499993,3852.8127889552,2022-01-05,2022-01-18,3448.7909367652,404.0218521900001,0.11714883841841495,8130.0,0.04243542435424352,0.36223512693040055
2022-01-01,8130,↑140,8130.0,140.0,2021-12-31,3579.572655003,3448.7909367652,2021-12-16,2021-12-31,3401.9118422347005,46.879094530499515,0.013780220271582655,7990.0,0.017521902377972465,1.2715255658217486
2021-12-18,7990,↓130,7990.0,-130.0,2021-12-17,3393.820934066,3401.9118422347005,2021-12-06,2021-12-17,3522.7019437951,-120.79010156039931,-0.03428904956695511,8120.0,-0.016009852216748777,0.4669086025696589
2021-12-04,8120,↓430,8120.0,-430.0,2021-12-03,3302.438370884001,3522.7019437951,2021-11-22,2021-12-03,3815.8663507811007,-293.1644069860008,-0.07682774500893896,8550.0,-0.05029239766081872,0.6546124405313102
2021-11-20,8550,↓95,8550.0,-95.0,2021-11-19,3734.498626816,3815.8663507811007,2021-11-08,2021-11-19,3895.7006806005,-79.8343298193995,-0.02049293217442294,8645.0,-0.01098901098901095,0.5362341950619562
2021-10-23,8645,↑300,8645.0,300.0,2021-10-22,3890.2800001,3895.7006806005,2021-10-11,2021-10-22,3710.4798445158,185.2208360847003,0.04991829732169606,8345.0,0.035949670461354,0.7201702059202477
2021-10-10,8345,↑345,8345.0,345.0,2021-10-08,3846.140354166,3710.4798445158,2021-09-27,2021-10-08,3382.6293241881003,327.85052032769954,0.0969217992593352,8000.0,0.04312500000000008,0.4449463415821433
2021-09-19,8000,↑90,8000.0,90.0,2021-09-17,3471.469091532,3382.6293241881003,2021-09-06,2021-09-17,3331.1363504558003,51.492973732300015,0.01545808046111774,7910.0,0.011378002528444897,0.7360553308714101
2021-09-07,7910,↑140,7910.0,140.0,2021-09-07,3333.8915196300004,3331.1363504558003,2021-08-25,2021-09-07,3217.5821865971,113.55416385870012,0.03529176794044675,7770.0,0.018018018018018056,0.5105445000211563
2021-08-24,7770,↓250,7770.0,-250.0,2021-08-24,3248.5633312080004,3217.5821865971,2021-08-11,2021-08-24,3441.3242287467997,-223.7420421496995,-0.06501626329791599,8020.0,-0.03117206982543641,0.47945034433308614
2021-07-27,8020,↓100,8020.0,-100.0,2021-07-27,3484.746187344,3441.3242287467997,2021-07-13,2021-07-27,3525.1500565572,-83.82582781040037,-0.023779364414423854,8120.0,-0.012315270935960632,0.5178973971436577
2021-07-13,8120,↑70,8120.0,70.0,2021-07-13,3547.8775304959995,3525.1500565572,2021-06-30,2021-07-13,3463.8040275564003,61.34602900079972,0.01771059462739788,8050.0,0.008695652173912993,0.4909858961178537
2021-06-29,8050,↑225,8050.0,225.0,2021-06-29,3491.027666028,3463.8040275564003,2021-06-16,2021-06-29,3259.2212453252005,204.58278223119987,0.06277044939021525,7825.0,0.028753993610223683,0.45808169113898195
2021-06-12,7825,↑175,7825.0,175.0,2021-06-11,3325.994926023,3259.2212453252005,2021-05-28,2021-06-11,3156.3904858352007,102.83075948999976,0.03257859252569317,7650.0,0.02287581699346397,0.7021732745336654
2021-05-15,7650,↑100,7650.0,100.0,2021-05-14,3119.707943274,3156.3904858352007,2021-04-29,2021-05-14,3062.6162072776,93.77427855760061,0.030619010744724617,7550.0,0.013245033112582849,0.43257547485804554
2021-04-29,7550,↑100,7550.0,100.0,2021-04-29,3128.7962959260008,3062.6162072776,2021-04-16,2021-04-29,2967.7036917224,94.91251555520012,0.03198180324401401,7450.0,0.01342281879194629,0.41970175007122595
2021-04-01,7450,↓225,7450.0,-225.0,2021-04-01,2929.7196274710004,2967.7036917224,2021-03-19,2021-04-01,3180.7497837985,-213.0460920761002,-0.06697983386221507,7675.0,-0.02931596091205213,0.43768339247240157
2021-03-18,7675,↑235,7675.0,235.0,2021-03-18,3073.6487953710007,3180.7497837985,2021-03-05,2021-03-18,3012.1494825097,168.60030128879998,0.055973417742974485,7440.0,0.03158602150537626,0.564303963899735
2021-03-04,7440,↑260,7440.0,260.0,2021-03-04,3057.2590715,3012.1494825097,2021-02-19,2021-03-04,2901.8154745847996,110.33400792490056,0.03802240662483447,7180.0,0.0362116991643453,0.9523778839578634
2021-02-19,7180,↑275,7180.0,275.0,2021-02-19,2916.5897246560003,2901.8154745847996,2021-02-05,2021-02-19,2604.6444983215,297.1709762632995,0.11409272031357998,6905.0,0.03982621288921062,0.3490688343633987
2021-01-30,6905,↑75,6905.0,75.0,2021-01-29,2566.921663762,2604.6444983215,2021-01-18,2021-01-29,2574.0063596679,30.63813865359998,0.011902899360960673,6830.0,0.010980966325036645,0.9225455069419641
2021-01-16,6830,↑185,6830.0,185.0,2021-01-15,2609.354475216,2574.0063596679,2020-12-31,2021-01-15,2430.1187483232998,143.88761134460037,0.05921011532620701,6645.0,0.02784048156508656,0.47019806348467075
2021-01-01,6645,↑90,6645.0,90.0,2020-12-31,2431.551977286,2430.1187483232998,2020-12-16,2020-12-31,2394.2504695872003,35.868278736099455,0.014981005200464192,6555.0,0.013729977116704761,0.9164923803830822
2020-12-18,6555,↑155,6555.0,155.0,2020-12-18,2463.5505366720004,2394.2504695872003,2020-12-07,2020-12-18,2266.9155905385,127.33487904870026,0.05617098386025576,6400.0,0.024218749999999956,0.43116122124996514
2020-12-04,6400,↑250,6400.0,250.0,2020-12-04,2342.7949145520006,2266.9155905385,2020-11-23,2020-12-04,2071.8544772078003,195.06111333069975,0.09414807626526933,6150.0,0.04065040650406515,0.4317709730948676
2020-11-20,6150,↑150,6150.0,150.0,2020-11-20,2107.65468348,2071.8544772078003,2020-11-09,2020-11-20,1885.0586694581998,186.7958077496005,0.09909283502740474,6000.0,0.02499999999999991,0.2522886744847496
2020-11-06,6000,↓160,6000.0,-160.0,2020-11-06,1908.15440333,1885.0586694581998,2020-10-26,2020-11-06,2021.3212170770003,-136.26254761880045,-0.06741261431760337,6160.0,-0.025974025974025983,0.385299194178313
2020-10-23,6160,↑80,6160.0,80.0,2020-10-23,2025.170533592,2021.3212170770003,2020-10-12,2020-10-23,1973.4059474427,47.91526963430033,0.02428049317292924,6080.0,0.013157894736842035,0.5419121697046916
2020-09-19,6080,↓315,6080.0,-315.0,2020-09-18,2087.916596551,1973.4059474427,2020-09-07,2020-09-18,2228.847951313,-255.44200387030014,-0.1146071914505522,6395.0,-0.04925723221266609,0.4297918096520003
2020-08-22,6395,↑85,6395.0,85.0,2020-08-21,2196.47750511,2228.847951313,2020-08-07,2020-08-21,2191.8034245449,37.04452676810024,0.016901391043219194,6310.0,0.01347068145800323,0.7970161404796111
2020-07-11,6310,↑100,6310.0,100.0,2020-07-09,2207.526679674,2191.8034245449,2020-06-26,2020-07-09,2150.1578784003004,41.64554614459939,0.019368599191229352,6210.0,0.016103059581320522,0.8314003208147568
2020-06-29,6210,↑120,6210.0,120.0,2020-06-29,2115.937338658,2150.1578784003004,2020-06-16,2020-06-29,1800.1615849441,349.9962934562004,0.1944249318413651,6090.0,0.019704433497536922,0.1013472568097086
2020-03-18,6090,↓1015,6090.0,-1015.0,2020-03-18,1333.8984673239995,1800.1615849441,2020-03-05,2020-03-18,2838.5043079146003,-1038.3427229705003,-0.365806287513917,7105.0,-0.1428571428571429,0.39052675619116567
2020-02-19,7105,↓415,7105.0,-415.0,2020-02-19,2962.5867698670004,2838.5043079146003,2020-02-06,2020-02-19,2988.2793030587004,-149.7749951441001,-0.050120815343731584,7520.0,-0.05518617021276595,1.1010628984045023
2020-02-05,7520,↓420,7520.0,-420.0,2020-02-05,2783.781538932,2988.2793030587004,2020-01-22,2020-02-05,3448.5883945716996,-460.3090915129992,-0.1334775388786773,7940.0,-0.052896725440806036,0.3962968293031372
2019-12-31,7940,↑235,7940.0,235.0,2019-12-31,3438.735167487999,3448.5883945716996,2019-12-16,2019-12-31,3247.0252806065,201.5631139651996,0.062076237955113855,7705.0,0.030499675535366588,0.49132609417182016
2019-12-03,7705,↑55,7705.0,55.0,2019-12-03,3209.440713303,3247.0252806065,2019-11-20,2019-12-03,3169.1357614136004,77.88951919289957,0.024577526826479845,7650.0,0.007189542483660105,0.29252505894588576
2019-11-19,7650,↑70,7650.0,70.0,2019-11-19,3171.9733897160004,3169.1357614136004,2019-11-06,2019-11-19,3114.9771654521,54.158595961500396,0.01738651459861984,7580.0,0.00923482849604218,0.5311489225549122
2019-11-05,7580,↑105,7580.0,105.0,2019-11-05,3179.6680542839995,3114.9771654521,2019-10-22,2019-11-05,3040.2642588411004,74.71290661099965,0.024574477824989893,7475.0,0.014046822742474818,0.5716020841830683
2019-10-22,7475,↓150,7475.0,-150.0,2019-10-22,3048.927239352,3040.2642588411004,2019-10-09,2019-10-22,3191.4028682519997,-151.13860941089933,-0.04735804774584329,7625.0,-0.01967213114754096,0.415391513879869
2019-09-19,7625,↑125,7625.0,125.0,2019-09-19,3243.58725369,3191.4028682519997,2019-09-06,2019-09-19,3018.1341195030996,173.26874874890018,0.05740922765136314,7500.0,0.016666666666666607,0.2903133755409592
2019-09-04,7500,↑115,7500.0,115.0,2019-09-04,3006.5175716399995,3018.1341195030996,2019-08-21,2019-09-04,2949.6537076783,68.48041182479938,0.023216424235338762,7385.0,0.015572105619499066,0.6707366070523498
2019-08-21,7385,↓210,7385.0,-210.0,2019-08-21,3043.387307448,2949.6537076783,2019-08-06,2019-08-21,3064.9181069171,-115.2643992387998,-0.03760766037391472,7595.0,-0.027649769585253448,0.7352164242695558
2019-08-07,7595,↓80,7595.0,-80.0,2019-08-07,2881.3034858160004,3064.9181069171,2019-07-25,2019-08-07,3158.8657937769,-93.94768685979989,-0.029740955454606754,7675.0,-0.01042345276872969,0.3504747110306821
2019-07-10,7675,↑150,7675.0,150.0,2019-07-10,3218.119066803,3158.8657937769,2019-06-27,2019-07-10,3112.1386645865005,46.72712919039941,0.015014475325959786,7525.0,0.019933554817275656,1.327622469951438
2019-06-26,7525,↓120,7525.0,-120.0,2019-06-26,3224.6675062860004,3112.1386645865005,2019-06-13,2019-06-26,3216.2035390133997,-104.06487442689922,-0.03235643303185409,7645.0,-0.015696533682145186,0.48511322823168873
2019-06-12,7645,↓465,7645.0,-465.0,2019-06-12,3026.076889398,3216.2035390133997,2019-05-24,2019-06-12,3511.0128058425,-294.8092668291001,-0.08396701553993846,8110.0,-0.05733662145499385,0.6828469618254086
2019-05-28,8110,↑50,8110.0,50.0,2019-05-28,3444.472043298,3511.0128058425,2019-05-13,2019-05-28,3453.2031128385997,57.809693003900065,0.016740889868009923,8060.0,0.006203473945409321,0.37055819579002824
2019-05-14,8060,↓75,8060.0,-75.0,2019-05-14,3492.59323968,3453.2031128385997,2019-04-29,2019-05-14,3472.0711436475003,-18.868030808900585,-0.005434229319702055,8135.0,-0.009219422249538978,1.6965464111191493
2019-04-27,8135,↑195,8135.0,195.0,2019-04-26,3506.188180418,3472.0711436475003,2019-04-11,2019-04-26,3374.9401500100003,97.13099363750007,0.028780064036753927,7940.0,0.024559193954659886,0.8533404902538184
2019-04-13,7940,↓50,7940.0,-50.0,2019-04-12,3417.470887332,3374.9401500100003,2019-04-01,2019-04-12,3241.5409227834,133.39922722660003,0.041153028884810317,7990.0,-0.006257822277847325,-0.15206225270473597
2019-03-29,7990,↑80,7990.0,80.0,2019-03-29,3254.608891643,3241.5409227834,2019-03-18,2019-03-29,3184.7020215765,56.83890120690012,0.017847478609243295,7910.0,0.010113780025284402,0.5666783665478903
2019-03-01,7910,↑270,7910.0,270.0,2019-03-01,3160.8537416,3184.7020215765,2019-02-18,2019-03-01,3031.1559047448,153.54611683170015,0.05065596150674656,7640.0,0.035340314136125706,0.6976536045302179
2019-02-15,7640,↑50,7640.0,50.0,2019-02-15,3170.59789176,3031.1559047448,2019-01-31,2019-02-15,2943.9441994495,87.21170529529991,0.029624102695835042,7590.0,0.006587615283267567,0.22237349603145087
2019-01-29,7590,↑245,7590.0,245.0,2019-01-29,2901.561366501,2943.9441994495,2019-01-16,2019-01-29,2785.5755084205002,158.36869102899982,0.056853131624064135,7345.0,0.03335602450646702,0.5867051392530235
2019-01-15,7345,↑105,7345.0,105.0,2019-01-15,2831.5037575500005,2785.5755084205002,2019-01-02,2019-01-15,2757.4067873939002,28.168721026599997,0.010215656665305772,7240.0,0.014502762430939287,1.4196603220029218
2018-12-29,7240,↓370,7240.0,-370.0,2018-12-28,2533.6759400600004,2757.4067873939002,2018-12-12,2018-12-28,2954.7459730995997,-197.3391857056995,-0.066787191691706,7610.0,-0.048620236530880434,0.7279874374013897
2018-12-15,7610,↓125,7610.0,-125.0,2018-12-14,2945.651063616,2954.7459730995997,2018-12-03,2018-12-14,3023.2112768415,-68.46530374190024,-0.022646549470875632,7735.0,-0.01616031027795739,0.7135881913816582
2018-12-01,7735,↓540,7735.0,-540.0,2018-11-30,2898.3705757200005,3023.2112768415,2018-11-19,2018-11-30,3427.8999736558,-404.6886968142999,-0.11805732370384947,8275.0,-0.06525679758308156,0.5527551831242618
2018-11-17,8275,↓510,8275.0,-510.0,2018-11-16,3293.45562594,3427.8999736558,2018-11-02,2018-11-16,3801.0114198397,-373.11144618390017,-0.0981610958168696,8785.0,-0.05805350028457601,0.5914104748064472
2018-11-03,8785,↓375,8785.0,-375.0,2018-11-02,3559.2563029079997,3801.0114198397,2018-10-22,2018-11-02,4040.440192828,-239.4287729882999,-0.059258091089505305,9160.0,-0.040938864628821015,0.6908569593810515
2018-10-20,9160,↑165,9160.0,165.0,2018-10-19,3952.996015923,4040.440192828,2018-10-08,2018-10-19,3946.4148092876,94.02538354040007,0.02382551963851287,8995.0,0.01834352418009999,0.7699107704013521
2018-10-01,8995,↑240,8995.0,240.0,2018-10-01,4086.428540994,3946.4148092876,2018-09-18,2018-10-01,3788.3803725624007,158.03443672519916,0.04171556738857962,8755.0,0.027412906910337043,0.6571385366759224
2018-09-18,8755,↑145,8755.0,145.0,2018-09-18,3814.66432116,3788.3803725624007,2018-09-05,2018-09-18,3678.9903534098994,109.39001915250128,0.029733706436906537,8610.0,0.016840882694541204,0.5663902927903297
2018-09-04,8610,↑180,8610.0,180.0,2018-09-04,3808.156953132999,3678.9903534098994,2018-08-20,2018-09-04,3515.8161362976,163.17421711229917,0.04641147625089781,8430.0,0.021352313167259718,0.4600653737414066
2018-08-21,8430,↓50,8430.0,-50.0,2018-08-21,3509.1827419680008,3515.8161362976,2018-08-07,2018-08-21,3591.2631980433007,-75.44706174570047,-0.021008502464204715,8480.0,-0.005896226415094352,0.2806590534066206
2018-08-07,8480,↑70,8480.0,70.0,2018-08-07,3581.363531598,3591.2631980433007,2018-07-25,2018-08-07,3500.3073806444,90.95581739890076,0.025985094309676215,8410.0,0.00832342449464929,0.32031534676977674
2018-07-24,8410,↓125,8410.0,-125.0,2018-07-24,3548.4392196,3500.3073806444,2018-07-11,2018-07-24,3688.3699411821,-188.06256053769994,-0.05098798752205069,8535.0,-0.014645577035735213,0.2872358323497562
2018-07-10,8535,↑270,8535.0,270.0,2018-07-10,3689.545515807,3688.3699411821,2018-06-27,2018-07-10,3524.4996881603,163.87025302179973,0.04649461413552736,8265.0,0.03266787658802173,0.7026163609573786
2018-06-26,8265,↓55,8265.0,-55.0,2018-06-26,3589.1918440560003,3524.4996881603,2018-06-12,2018-06-26,3525.4662813333002,-0.9665931730000921,-0.0002741745618496383,8320.0,-0.006610576923076872,24.110832450977774
2018-06-09,8320,↓130,8320.0,-130.0,2018-06-08,3568.340019335,3525.4662813333002,2018-05-24,2018-06-08,3559.0335744809004,-33.56729314760014,-0.009431575298498251,8450.0,-0.01538461538461533,1.6311819497496833
2018-05-26,8450,↑260,8450.0,260.0,2018-05-25,3511.034084466,3559.0335744809004,2018-05-14,2018-05-25,3366.3668259543,192.66674852660026,0.05723284433566822,8190.0,0.031746031746031855,0.5546820556364929
2018-05-12,8190,↑100,8190.0,100.0,2018-05-11,3465.271336108,3366.3668259543,2018-04-26,2018-05-11,3276.0804010143997,90.28642493990037,0.027559282400988705,8090.0,0.012360939431396822,0.44852181749672
2018-04-27,8090,↑255,8090.0,255.0,2018-04-27,3326.4867638919995,3276.0804010143997,2018-04-16,2018-04-27,3076.7696506953002,199.3107503190995,0.06477922397409852,7835.0,0.03254626675175487,0.502418287146636
2018-04-13,7835,↑55,7835.0,55.0,2018-04-13,3218.3686232500004,3076.7696506953002,2018-03-29,2018-04-13,3022.8351689707,53.93448172460012,0.017842349552577463,7780.0,0.007069408740359995,0.3962151239963105
2018-03-29,7780,↑170,7780.0,170.0,2018-03-29,3042.741131298,3022.8351689707,2018-03-16,2018-03-29,2939.4289698066004,83.40619916409969,0.028374966709805438,7610.0,0.02233902759526929,0.7872794292142612
2018-03-01,7610,↓190,7610.0,-190.0,2018-03-01,2893.695470934,2939.4289698066004,2018-02-16,2018-03-01,3005.4800066216003,-66.05103681499986,-0.0219768678112906,7800.0,-0.024358974358974383,1.108391540056494
2018-02-10,7800,↓170,7800.0,-170.0,2018-02-09,2836.026283988,3005.4800066216003,2018-01-29,2018-02-09,3155.5024683564,-150.0224617347999,-0.047543129260469774,7970.0,-0.021329987452948562,0.4486450047511618
2018-01-27,7970,↑65,7970.0,65.0,2018-01-26,3140.326495876,3155.5024683564,2018-01-15,2018-01-26,3142.8129982670002,12.689470089399947,0.004037615377178616,7905.0,0.008222643896268256,2.0365099515779117
2018-01-13,7905,↑180,7905.0,180.0,2018-01-12,3176.42420823,3142.8129982670002,2017-12-29,2018-01-12,3019.3631812846006,123.44981698239962,0.04088604436445342,7725.0,0.023300970873786353,0.5699003470740339
2017-12-29,7725,↑70,7725.0,70.0,2017-12-29,3081.5642058210005,3019.3631812846006,2017-12-14,2017-12-29,2972.5456492251005,46.81753205950008,0.015749979170784023,7655.0,0.009144350097975096,0.5805944248445566
2017-11-17,7655,↑265,7655.0,265.0,2017-11-17,2904.5088789800006,2972.5456492251005,2017-11-06,2017-11-17,2808.4737933493,164.07185587580034,0.05842029085844991,7390.0,0.035859269282814576,0.6138153158069718
2017-11-03,7390,↑150,7390.0,150.0,2017-11-03,2882.75033106,2808.4737933493,2017-10-23,2017-11-03,2690.7441067186,117.72968663070014,0.043753579664724374,7240.0,0.02071823204419898,0.4735208456761476
2017-09-30,7240,↑210,7240.0,210.0,2017-09-29,2712.0675574200004,2690.7441067186,2017-09-18,2017-09-29,2526.164975554,164.57913116459986,0.06514979534482168,7030.0,0.029871977240398362,0.45851221914502427
2017-09-16,7030,↑95,7030.0,95.0,2017-09-15,2605.561710384,2526.164975554,2017-09-04,2017-09-15,2440.4693267554003,85.6956487985999,0.03511441338725296,6935.0,0.013698630136986356,0.39011416724845976
2017-08-05,6935,↑175,6935.0,175.0,2017-08-04,2486.45048727,2440.4693267554003,2017-07-24,2017-08-04,2311.3384890028,129.1308377526002,0.055868423585293314,6760.0,0.025887573964497035,0.4633668233895117
2017-07-22,6760,↑75,6760.0,75.0,2017-07-21,2349.914836752,2311.3384890028,2017-07-10,2017-07-21,2241.1950773441,70.14341165870019,0.031297325417037225,6685.0,0.011219147344801783,0.35846984351878364
2017-06-24,6685,↓250,6685.0,-250.0,2017-06-23,2185.678974765,2241.1950773441,2017-06-12,2017-06-23,2423.3106295167,-182.11555217260002,-0.07515155092144366,6935.0,-0.03604902667627974,0.47968440084439495
2017-06-10,6935,↓180,6935.0,-180.0,2017-06-09,2285.72165514,2423.3106295167,2017-05-25,2017-06-09,2571.1640198614,-147.85339034470007,-0.05750445681511607,7115.0,-0.025298664792691494,0.43994267912189533
2017-05-26,7115,↑140,7115.0,140.0,2017-05-26,2501.924071824,2571.1640198614,2017-05-15,2017-05-26,2429.8569615513998,141.30705831000023,0.05815447598190282,6975.0,0.02007168458781372,0.34514427735639575
2017-05-12,6975,↓250,6975.0,-250.0,2017-05-12,2454.187229856,2429.8569615513998,2017-04-27,2017-05-12,2647.5781776181,-217.72121606670044,-0.08223410281413246,7225.0,-0.03460207612456745,0.42077526160619655
2017-04-13,7225,↑200,7225.0,200.0,2017-04-13,2701.94795,2647.5781776181,2017-03-31,2017-04-13,2479.6999321995,167.87824541860027,0.06770103238648395,7025.0,0.028469750889679624,0.42052166541796215
2017-03-29,7025,↓230,7025.0,-230.0,2017-03-29,2513.4681416,2479.6999321995,2017-03-16,2017-03-29,2608.9501859874,-129.25025378789996,-0.049541096829713194,7255.0,-0.03170227429359063,0.6399187002774754
2017-03-15,7255,↓85,7255.0,-85.0,2017-03-15,2500.8362990909995,2608.9501859874,2017-03-02,2017-03-15,2717.0449134366,-108.09472744920004,-0.03978393103280675,7340.0,-0.011580381471389622,0.29108188081866954
2017-02-15,7340,↑50,7340.0,50.0,2017-02-15,2698.8172593550003,2717.0449134366,2017-02-02,2017-02-15,2697.934196663,19.11071677359996,0.007083462894401649,7290.0,0.006858710562414272,0.96827083937081
2017-01-26,7290,↓70,7290.0,-70.0,2017-01-26,2731.48092315,2697.934196663,2017-01-13,2017-01-26,2732.9787808693,-35.04458420629999,-0.01282285265133054,7360.0,-0.009510869565217406,0.7417124585168283
2017-01-13,7360,↑240,7360.0,240.0,2017-01-13,2723.2630036000005,2732.9787808693,2016-12-30,2017-01-13,2702.8246429220003,30.15413794729966,0.011156527681611017,7120.0,0.03370786516853941,3.0213580901250405
2016-12-29,7120,↑100,7120.0,100.0,2016-12-29,2769.616109425,2702.8246429220003,2016-12-14,2016-12-29,2639.6522286072004,63.17241431479988,0.023932097429415045,7020.0,0.014245014245014342,0.5952263184214575
2016-12-15,7020,↑435,7020.0,435.0,2016-12-15,2634.876582316,2639.6522286072004,2016-12-02,2016-12-15,2336.2239371515,303.4282914557002,0.12987979732185373,6585.0,0.06605922551252852,0.508618175225727
2016-12-01,6585,↑175,6585.0,175.0,2016-12-01,2551.6651747500005,2336.2239371515,2016-11-18,2016-12-01,2136.9374731015,199.28646405000018,0.09325797621994081,6410.0,0.027301092043681807,0.2927480645654862
2016-11-17,6410,↓365,6410.0,-365.0,2016-11-17,2200.2892758990006,2136.9374731015,2016-11-04,2016-11-17,2419.6370230705,-282.69954996900015,-0.11683552006914522,6775.0,-0.0538745387453875,0.46111438296764246
2016-10-20,6775,↑355,6775.0,355.0,2016-10-20,2426.5524892140006,2419.6370230705,2016-10-07,2016-10-20,2176.5029422656,243.13408080490035,0.11170859275375644,6420.0,0.055295950155763274,0.49500176121325123
2016-09-19,6420,↓155,6420.0,-155.0,2016-09-19,2141.290759735,2176.5029422656,2016-09-05,2016-09-19,2233.1050083138,-56.60206604820041,-0.02534680001051104,6575.0,-0.02357414448669204,0.9300639322090403
2016-09-02,6575,↑205,6575.0,205.0,2016-09-02,2098.3795213800004,2233.1050083138,2016-08-19,2016-09-02,2142.5011969394004,90.60381137439981,0.042288803153916144,6370.0,0.032182103610675084,0.7610076713106237
2016-08-19,6370,↑175,6370.0,175.0,2016-08-19,2318.574932108,2142.5011969394004,2016-08-05,2016-08-19,1951.2089175300002,191.29227940940018,0.09803782551975715,6195.0,0.02824858757062154,0.2881396789541066
2016-08-05,6195,↓220,6195.0,-220.0,2016-08-05,1975.39878247,1951.2089175300002,2016-07-25,2016-08-05,2110.2603872839,-159.0514697538997,-0.07537054228583306,6415.0,-0.034294621979734985,0.4550136026576146
2016-07-22,6415,↓155,6415.0,-155.0,2016-07-22,2055.3716553,2110.2603872839,2016-07-11,2016-07-22,2359.9621569581004,-249.70176967420048,-0.10580753125128772,6570.0,-0.023592085235920823,0.22297170113430556
2016-06-09,6570,↑110,6570.0,110.0,2016-06-09,2389.53307334,2359.9621569581004,2016-05-26,2016-06-09,2327.1179425089003,32.84421444920008,0.014113687084458704,6460.0,0.017027863777089758,1.2064787659802945
2016-05-26,6460,↑210,6460.0,210.0,2016-05-26,2389.97129006,2327.1179425089003,2016-05-13,2016-05-26,2110.1117360567,217.00620645220033,0.10284109734289881,6250.0,0.033600000000000074,0.326717633982152
2016-05-12,6250,↑120,6250.0,120.0,2016-05-12,2255.038541952,2110.1117360567,2016-04-28,2016-05-12,1923.2792085987999,186.83252745790014,0.0971426959864119,6130.0,0.019575856443719397,0.20151650358208736
2016-04-27,6130,↑165,6130.0,165.0,2016-04-27,2013.97603005,1923.2792085987999,2016-04-14,2016-04-27,1443.4996586455,479.7795499532999,0.3323724720541317,5965.0,0.027661357921207053,0.08322397384552954
2016-01-14,5965,↓140,5965.0,-140.0,2016-01-14,1275.910762558,1443.4996586455,2015-12-31,2016-01-14,1930.2716379098001,-486.77197926430017,-0.25217796796279024,6105.0,-0.0229320229320229,0.09093587008126976
2015-12-02,6105,↓145,6105.0,-145.0,2015-12-02,1888.369896244,1930.2716379098001,2015-11-19,2015-12-02,1990.2816492142,-60.01001130439977,-0.030151517162454233,6250.0,-0.0232,0.7694471848630384
2015-11-18,6250,↓85,6250.0,-85.0,2015-11-18,1869.6658128330005,1990.2816492142,2015-11-04,2015-11-18,2072.8754464465005,-82.59379723230063,-0.03984503621473734,6335.0,-0.013417521704814472,0.33674261537882055
2015-11-04,6335,↓125,6335.0,-125.0,2015-11-04,2119.898241962,2072.8754464465005,2015-10-22,2015-11-04,2171.369837676,-98.49439122949934,-0.045360486049173976,6460.0,-0.01934984520123839,0.42657931796105075
2015-10-21,6460,↑50,6460.0,50.0,2015-10-21,2069.045184633,2171.369837676,2015-10-08,2015-10-21,2131.1436988262003,40.226138849799554,0.018875376105306874,6410.0,0.007800312012480548,0.4132533290442602
2015-09-17,6410,↑90,6410.0,90.0,2015-09-17,2125.81626846,2131.1436988262003,2015-09-03,2015-09-17,2056.8693340207,74.27436480550023,0.036110395335765544,6320.0,0.014240506329114,0.3943602997613679
2015-09-02,6320,↓125,6320.0,-125.0,2015-09-02,2126.217235586,2056.8693340207,2015-08-19,2015-09-02,2191.4557899125,-134.58645589180014,-0.061414177968506456,6445.0,-0.019394879751745586,0.31580459746105194
2015-08-19,6445,↓210,6445.0,-210.0,2015-08-19,2154.8950015100004,2191.4557899125,2015-08-04,2015-08-19,2326.5312313504,-135.07544143789983,-0.05805872692261149,6655.0,-0.03155522163786628,0.5435052284203087
2015-08-05,6655,↓220,6655.0,-220.0,2015-08-05,2196.018054846,2326.5312313504,2015-07-23,2015-08-05,2519.6870309532997,-193.1557996028996,-0.07665864737567063,6875.0,-0.03200000000000003,0.4174349678149416
2015-07-22,6875,↓265,6875.0,-265.0,2015-07-22,2485.523283318,2519.6870309532997,2015-07-08,2015-07-22,2659.3035529649997,-139.6165220117,-0.05250116025905882,7140.0,-0.03711484593837533,0.7069338230857735
2015-07-08,7140,↓95,7140.0,-95.0,2015-07-08,2471.0268991799994,2659.3035529649997,2015-06-25,2015-07-08,2790.8386853260995,-131.53513236109984,-0.04713104094933762,7235.0,-0.01313061506565305,0.2785980279910959
2015-06-09,7235,↓110,7235.0,-110.0,2015-06-09,2806.368648795,2790.8386853260995,2015-05-26,2015-06-09,2909.2417846276003,-118.40309930150079,-0.04069895459605366,7345.0,-0.01497617426820963,0.3679744213789162
2015-05-12,7345,↑255,7345.0,255.0,2015-05-12,2916.542111908,2909.2417846276003,2015-04-27,2015-05-12,2731.7170570476,177.52472758000022,0.06498649892088992,7090.0,0.03596614950634702,0.5534403315083911
2015-04-25,7090,↑300,7090.0,300.0,2015-04-24,2860.595746905,2731.7170570476,2015-04-13,2015-04-24,2501.3941911817,230.32286586589998,0.09207779672547,6790.0,0.044182621502209196,0.4798401251274474
2015-04-11,6790,↑120,6790.0,120.0,2015-04-10,2531.945565285,2501.3941911817,2015-03-26,2015-04-10,2418.8217643445,82.57242683720006,0.034137458184967606,6670.0,0.01799100449775115,0.5270165224449391
2015-03-27,6670,↓240,6670.0,-240.0,2015-03-27,2531.3163617499995,2418.8217643445,2015-03-16,2015-03-27,2676.8600923308,-258.0383279862999,-0.09639589634347323,6910.0,-0.0347322720694645,0.3603086167248047
2015-02-28,6910,↑390,6910.0,390.0,2015-02-27,2754.245060576,2676.8600923308,2015-02-12,2015-02-27,2366.3104594405004,310.54963289029956,0.13123790737236019,6520.0,0.059815950920245387,0.45578257165081204
2015-02-10,6520,↑290,6520.0,290.0,2015-02-10,2542.1346721,2366.3104594405004,2015-01-28,2015-02-10,2071.1137669274,295.1966925131005,0.14253040910979964,6230.0,0.0465489566613162,0.3265896516543131
2015-01-27,6230,↓365,6230.0,-365.0,2015-01-27,2068.20532716,2071.1137669274,2015-01-14,2015-01-27,2258.473349166,-187.35958223860007,-0.08295850925484127,6595.0,-0.055344958301743796,0.6671402222492805
2015-01-13,6595,↓180,6595.0,-180.0,2015-01-13,1995.774045775,2258.473349166,2014-12-30,2015-01-13,2666.9610418254,-408.4876926594002,-0.15316597665026666,6775.0,-0.0265682656826568,0.17346062267680873
2014-12-27,6775,↓520,6775.0,-520.0,2014-12-24,2635.402245203,2666.9610418254,2014-12-11,2014-12-24,2956.5315531099,-289.57051128449984,-0.09794264193795188,7295.0,-0.0712816997943797,0.7277902493128348
2014-12-13,7295,↓170,7295.0,-170.0,2014-12-12,2741.179359765,2956.5315531099,2014-12-01,2014-12-12,3565.6418306488004,-609.1102775389004,-0.17082766763145907,7465.0,-0.022772940388479546,0.13330943812690535
2014-11-15,7465,↓190,7465.0,-190.0,2014-11-14,3355.584845210001,3565.6418306488004,2014-11-03,2014-11-14,3765.7481483086,-200.10631765979952,-0.053138529125926315,7655.0,-0.024820378837361212,0.4670881796246659
2014-11-01,7655,↓245,7655.0,-245.0,2014-10-31,3732.078543754,3765.7481483086,2014-10-17,2014-10-31,3911.8446296448005,-146.09648133620067,-0.03734720960772575,7900.0,-0.031012658227848156,0.830387559166744
2014-10-18,7900,↓300,7900.0,-300.0,2014-10-17,3778.524841,3911.8446296448005,2014-10-03,2014-10-17,4264.0682071521,-352.22357750729907,-0.08260270717914786,8200.0,-0.03658536585365857,0.4429075886618658
2014-09-30,8200,↓100,8200.0,-100.0,2014-09-30,4245.02762052,4264.0682071521,2014-09-17,2014-09-30,4363.1107291113,-99.04252195920071,-0.022699979007723692,8300.0,-0.012048192771084376,0.5307578816255718
2014-09-17,8300,↓140,8300.0,-140.0,2014-09-17,4338.61104992,4363.1107291113,2014-09-04,2014-09-17,4503.8650986777,-140.75436956639987,-0.031251906192244605,8440.0,-0.016587677725118488,0.5307733110127806
2014-09-02,8440,↓105,8440.0,-105.0,2014-09-02,4492.237380481,4503.8650986777,2014-08-19,2014-09-02,4575.2361690826,-71.37107040489991,-0.015599428699920148,8545.0,-0.012287887653598561,0.7877139535027627
2014-08-19,8545,↓190,8545.0,-190.0,2014-08-19,4466.010474090001,4575.2361690826,2014-08-06,2014-08-19,4780.4623959393,-205.22622685670012,-0.0429302042059837,8735.0,-0.021751574127074957,0.5066729713818408
2014-07-22,8735,↓245,8735.0,-245.0,2014-07-22,4798.05511274,4780.4623959393,2014-07-09,2014-07-22,5114.914466731,-334.45207079169995,-0.06538761751874456,8980.0,-0.02728285077950998,0.4172479716314615
2014-06-24,8980,↑165,8980.0,165.0,2014-06-24,5110.277024218,5114.914466731,2014-06-11,2014-06-24,4927.5688995257,187.34556720530054,0.03801987775824567,8815.0,0.01871809415768566,0.4923238911157762
2014-05-24,8815,↑70,8815.0,70.0,2014-05-23,4962.982440015,4927.5688995257,2014-05-09,2014-05-23,4954.3965176684,-26.827618142699976,-0.005414911391735999,8745.0,0.008004574042309809,-1.4782465424136098
2014-05-10,8745,↓50,8745.0,-50.0,2014-05-09,4876.321857702,4954.3965176684,2014-04-24,2014-05-09,5000.3226465221,-45.92612885369999,-0.00918463309275519,8795.0,-0.005685048322910724,0.6189739171393871
2014-04-25,8795,↑155,8795.0,155.0,2014-04-25,5047.629866415,5000.3226465221,2014-04-10,2014-04-25,4898.1865248907,102.13612163139987,0.02085182365195437,8640.0,0.01793981481481488,0.8603475223201134
2014-03-27,8640,↓135,8640.0,-135.0,2014-03-27,4903.181770431998,4898.1865248907,2014-03-14,2014-03-27,4826.910717658,71.27580723269966,0.014766340502623265,8775.0,-0.01538461538461533,-1.0418705556655847
2014-02-27,8775,↑205,8775.0,205.0,2014-02-27,4815.055505508,4826.910717658,2014-02-14,2014-02-27,4781.5617917067,45.34892595129986,0.009484124210201506,8570.0,0.02392065344224048,2.5221784228121416
2014-01-25,8570,↓130,8570.0,-130.0,2014-01-24,4819.056040655999,4781.5617917067,2014-01-13,2014-01-24,4777.5545457971,4.0072459095999875,0.0008387650776535693,8700.0,-0.014942528735632177,-17.814915205379844
2014-01-11,8700,↑165,8700.0,165.0,2014-01-10,4742.996151988,4777.5545457971,2013-12-27,2014-01-10,4839.1451280068,-61.59058220970019,-0.012727574929142227,8535.0,0.019332161687170446,-1.5189194952532354
2013-12-13,8535,↑60,8535.0,60.0,2013-12-13,4735.613757148,4839.1451280068,2013-12-02,2013-12-13,4823.4092089099995,15.735919096800899,0.0032624059902968128,8475.0,0.0070796460176991705,2.1700689732534073
2013-11-29,8475,↑160,8475.0,160.0,2013-11-29,4872.482340664,4823.4092089099995,2013-11-18,2013-11-29,4667.6607889604,155.74841994959934,0.03336755325450458,8315.0,0.019242333132892364,0.5766779777385888
2013-11-15,8315,↓160,8315.0,-160.0,2013-11-15,4768.393756106,4667.6607889604,2013-11-04,2013-11-15,4771.1872063518,-103.52641739140017,-0.021698250962271404,8475.0,-0.01887905604719764,0.8700727113915431
2013-11-01,8475,↓75,8475.0,-75.0,2013-11-01,4751.08219311,4771.1872063518,2013-10-21,2013-11-01,4915.8428382374,-144.6556318856001,-0.029426415092120184,8550.0,-0.00877192982456143,0.29809712794102405
2013-09-30,8550,↓245,8550.0,-245.0,2013-09-30,4832.518210905,4915.8428382374,2013-09-17,2013-09-30,5091.5992140192,-175.75637578179976,-0.034518894436520564,8795.0,-0.027856736782262637,0.8069996805225185
2013-09-14,8795,↑90,8795.0,90.0,2013-09-13,5050.1556795960005,5091.5992140192,2013-09-02,2013-09-13,4932.353696002499,159.24551801670077,0.03228590807381959,8705.0,0.010338885697874778,0.32022905083653214
2013-08-31,8705,↑235,8705.0,235.0,2013-08-30,5051.6753997000005,4932.353696002499,2013-08-16,2013-08-30,4762.2424331534,170.11126284909915,0.035720832199728436,8470.0,0.02774498229043676,0.7767171306453405
2013-07-20,8470,↑325,8470.0,325.0,2013-07-19,4807.222737143,4762.2424331534,2013-07-08,2013-07-19,4583.225906392299,179.01652676110098,0.039059066783381446,8145.0,0.039901780233271955,1.0215753605830915
2013-07-06,8145,↓80,8145.0,-80.0,2013-07-05,4705.840675187999,4583.225906392299,2013-06-24,2013-07-05,4648.0268331842,-64.80092679190057,-0.013941599116696124,8225.0,-0.009726443768997006,0.6976562507344549
2013-06-22,8225,↑100,8225.0,100.0,2013-06-21,4554.946693752,4648.0268331842,2013-06-10,2013-06-21,4526.1419309601,121.88490222410019,0.026929094156409983,8125.0,0.012307692307692353,0.4570407098065246
2013-06-07,8125,↓95,8125.0,-95.0,2013-06-07,4627.539107594999,4526.1419309601,2013-05-23,2013-06-07,4566.730312032801,-40.58838107270094,-0.00888784278891075,8220.0,-0.011557177615571734,1.3003355133589312
2013-05-10,8220,↑95,8220.0,95.0,2013-05-10,4539.186569969,4566.730312032801,2013-04-25,2013-05-10,4464.8934326670005,101.83687936580009,0.022808356101115423,8125.0,0.011692307692307669,0.5126326351830269
2013-04-25,8125,↓395,8125.0,-395.0,2013-04-25,4535.177182380001,4464.8934326670005,2013-04-12,2013-04-25,4867.4274303154,-402.53399764839924,-0.08269953757118798,8520.0,-0.04636150234741787,0.5606017120411316
2013-03-27,8520,↓310,8520.0,-310.0,2013-03-27,4900.43937994,4867.4274303154,2013-03-14,2013-03-27,5315.2568667585,-447.82943644310035,-0.08425358316054599,8830.0,-0.035107587768969384,0.4166895513757741
2013-02-25,8830,↑300,8830.0,300.0,2013-02-25,5217.670692582001,5315.2568667585,2013-02-08,2013-02-25,4904.916724184699,410.34014257380113,0.08365894176154609,8530.0,0.035169988276670505,0.42039724070280343
2012-11-16,8530,↓310,8530.0,-310.0,2012-11-16,4918.570381227999,4904.916724184699,2012-11-02,2012-11-16,5275.782286442501,-370.8655622578017,-0.07029584280057155,8840.0,-0.03506787330316741,0.49886126840607825
2012-09-11,8840,↑550,8840.0,550.0,2012-09-11,5298.240581451,5275.782286442501,2012-08-29,2012-09-11,5053.1109644405,222.67132200200103,0.044066184884712145,8290.0,0.06634499396863691,1.5055760815739223
2012-08-11,8290,↑390,8290.0,390.0,2012-08-10,5240.422541995999,5053.1109644405,2012-07-27,2012-08-10,4649.0742497959,404.03671464459967,0.08690691800896433,7900.0,0.04936708860759498,0.568045556540192
2012-07-12,7900,↓420,7900.0,-420.0,2012-07-12,4672.289395305,4649.0742497959,2012-06-29,2012-07-12,4916.5953913789,-267.5211415829999,-0.054411868434829924,8320.0,-0.050480769230769273,0.9277529091145069
2012-06-10,8320,↓530,8320.0,-530.0,2012-06-08,4673.418940241999,4916.5953913789,2012-05-24,2012-06-08,5439.3133080172,-522.7179166383003,-0.09609998303790435,8850.0,-0.059887005649717495,0.6231739460983723
2012-05-11,8850,↓330,8850.0,-330.0,2012-05-11,5270.6166357,5439.3133080172,2012-04-26,2012-05-11,5918.1252064921,-478.81189847489986,-0.08090601022594957,9180.0,-0.03594771241830064,0.4443144868707278
2012-03-21,9180,↑600,9180.0,600.0,2012-03-21,5869.968335220001,5918.1252064921,2012-03-08,2012-03-21,5334.1908352421,583.9343712500004,0.10947009383167261,8580.0,0.06993006993007,0.6388052433534809
2012-02-09,8580,↑300,8580.0,300.0,2012-02-09,5520.789165535,5334.1908352421,2012-01-27,2012-02-09,4892.5171955438,441.67363969829967,0.09027533722325698,8280.0,0.03623188405797095,0.4013486426349986
2011-10-10,8280,↓300,8280.0,-300.0,2011-10-10,4936.457442315,4892.5171955438,2011-09-27,2011-10-10,5665.053627572599,-772.536432028799,-0.1363687765052669,8580.0,-0.034965034965035,0.25640059155098865
2011-04-08,8580,↑500,8580.0,500.0,2011-04-08,5952.232428246,5665.053627572599,2011-03-28,2011-04-08,4881.2119881846,783.8416393879988,0.16058340454898423,8080.0,0.061881188118811936,0.3853523238756328
2011-02-21,8080,↑350,8080.0,350.0,2011-02-21,4963.080360752,4881.2119881846,2011-02-08,2011-02-21,4495.9738632274,385.23812495719994,0.0856851344506393,7730.0,0.04527813712807238,0.5284246493673391
2010-12-23,7730,↑310,7730.0,310.0,2010-12-23,4565.2527881,4495.9738632274,2010-12-10,2010-12-23,3975.8382542058,520.1356090216004,0.13082413714174113,7420.0,0.0417789757412399,0.319352197950861
2010-10-27,7420,↑230,7420.0,230.0,2010-10-27,3974.15383296,3975.8382542058,2010-10-14,2010-10-27,3647.6178550413,328.22039916449967,0.08998212318510079,7190.0,0.03198887343532686,0.35550254098275785
2010-06-02,7190,↓230,7190.0,-230.0,2010-06-02,3670.026974106,3647.6178550413,2010-05-18,2010-06-02,4266.7399222972,-619.1220672558998,-0.1451042431765014,7420.0,-0.030997304582210283,0.2136209383243596
2010-04-15,7420,↑320,7420.0,320.0,2010-04-15,4353.722690069,4266.7399222972,2010-03-31,2010-04-15,3901.8217526431,364.9181696541,0.0935250743852929,7100.0,0.04507042253521121,0.4819073690284995
2009-11-11,7100,↑480,7100.0,480.0,2009-11-11,3931.309460331,3901.8217526431,2009-10-29,2009-11-11,3428.5091649714,473.31258767169993,0.13805201179202564,6620.0,0.0725075528700907,0.5252190962586102
2009-10-12,6620,0,6620.0,0.0,2009-10-12,3568.257386046,3428.5091649714,2009-09-29,2009-10-12,3385.0102632909,43.498901680499785,0.012850448978612539,6620.0,0.0,0.0
2009-10-01,6620,↓190,6620.0,-190.0,2009-10-01,3435.5758634550007,3385.0102632909,2009-09-17,2009-10-01,3612.1499733038,-227.13971001289974,-0.06288213714591417,6810.0,-0.027900146842878115,0.4436895453813461
2009-09-03,6810,↑300,6810.0,300.0,2009-09-03,3418.362977652,3612.1499733038,2009-08-20,2009-09-03,3367.5788136736,244.57115963019987,0.07262522220330858,6510.0,0.04608294930875578,0.6345309234269907
2009-07-30,6510,↓220,6510.0,-220.0,2009-07-30,3352.3058459419995,3367.5788136736,2009-07-17,2009-07-30,3521.5232950415,-153.94448136790015,-0.04371530967427151,6730.0,-0.03268945022288261,0.7477803649672388
2009-07-01,6730,↑600,6730.0,600.0,2009-07-01,3526.313727482,3521.5232950415,2009-06-18,2009-07-01,3141.4929134984,380.03038154310025,0.12097126812229364,6130.0,0.09787928221859699,0.8091118142173045
2009-06-02,6130,↑400,6130.0,400.0,2009-06-02,3420.666136952,3141.4929134984,2009-05-19,2009-06-02,2919.7104961251,221.78241737330018,0.07596041376966634,5730.0,0.06980802792321117,0.9190053668597573
2009-05-20,5730,0,5730.0,0.0,2009-05-20,3000.4843732500003,2919.7104961251,2009-05-07,2009-05-20,2527.6072441659003,392.1032519591995,0.15512823555330169,5730.0,0.0,0.0
2009-04-02,5730,0,5730.0,0.0,2009-04-02,2516.26633978,2527.6072441659003,2009-03-20,2009-04-02,2445.1737596777,82.43348448820007,0.033712730705512506,5730.0,0.0,0.0
2009-03-26,5730,↑290,5730.0,290.0,2009-03-26,2607.91735395,2445.1737596777,2009-03-13,2009-03-26,2236.7626515593,208.41110811840008,0.09317533443841786,5440.0,0.053308823529411686,0.5721345015900636
2009-01-15,5440,↓140,5440.0,-140.0,2009-01-15,2217.786647065,2236.7626515593,2009-01-02,2009-01-15,2105.6525144307,131.11013712859994,0.06226579942799715,5580.0,-0.02508960573476704,-0.4029436057233976
2008-12-20,5580,↓900,5580.0,-900.0,2008-12-19,2029.08296214,2105.6525144307,2008-12-05,2008-12-19,6748.9603167044,-4643.307802273699,-0.6880034233985663,6480.0,-0.13888888888888884,0.2018723805221959
2008-06-21,6480,↑1000,6480.0,1000.0,2008-06-20,6692.665229296999,6748.9603167044,2008-06-09,2008-06-20,4740.1592121925005,2008.8011045118992,0.4237834668812219,5480.0,0.18248175182481763,0.4306013945465306
2007-11-02,5480,↑500,5480.0,500.0,2007-11-02,4912.9284685,4740.1592121925005,2007-10-22,2007-11-02,2917.6323338139,1822.5268783786005,0.6246595423475485,4980.0,0.10040160642570273,0.16073012516287027
2007-01-15,4980,↓220,4980.0,-220.0,2007-01-15,2980.300348179,2917.6323338139,2007-01-02,2007-01-15,3964.0814380700003,-1046.4491042561003,-0.2639827462186516,5200.0,-0.04230769230769227,0.16026688453589183
2006-05-25,5200,↑500,5200.0,500.0,2006-05-25,3943.334210250001,3964.0814380700003,2006-05-11,2006-05-25,3572.9561772139,391.12526085610034,0.10946825022664841,4700.0,0.1063829787234043,0.971815832473286
2006-03-27,4700,↑300,4700.0,300.0,2006-03-27,3586.784972586,3572.9561772139,2006-03-14,2006-03-27,3351.4074303451002,221.54874686879975,0.06610618120100864,4400.0,0.06818181818181812,1.031398531016307
2005-07-24,4400,↑300,4400.0,300.0,2005-07-22,3254.0561957160003,3351.4074303451002,2005-07-11,2005-07-22,3289.7088476955005,61.69858264959976,0.01875502833413978,4100.0,0.07317073170731714,3.9013927573825335
2005-06-26,4100,↑200,4100.0,200.0,2005-06-24,3364.5776777,3289.7088476955005,2005-06-13,2005-06-24,2861.6867616970003,428.0220859985002,0.1495698591919543,3900.0,0.05128205128205132,0.3428635392123836
2005-05-25,3900,↓150,3900.0,-150.0,2005-05-25,2890.3457320350003,2861.6867616970003,2005-05-11,2005-05-25,3004.3446125645,-142.65785086749975,-0.0474838506444597,4050.0,-0.03703703703703709,0.7799922823099538
2005-05-11,4050,0,4050.0,0.0,2005-05-11,2963.5098265050005,3004.3446125645,2005-04-27,2005-05-11,3180.3995065545,-176.05489398999998,-0.05535621975389182,4050.0,0.0,-0.0
2005-03-24,4050,↑300,4050.0,300.0,2005-03-24,3138.77605281,3180.3995065545,2005-03-11,2005-03-24,2582.2972282575,598.1022782969999,0.2316163576183643,3750.0,0.08000000000000007,0.3453987482689654
2004-08-26,3750,↑240,3750.0,240.0,2004-08-26,2440.6526399399995,2582.2972282575,2004-08-13,2004-08-26,2241.3883536113,340.9088746462003,0.1520971919466485,3510.0,0.06837606837606836,0.44955510026807594
2004-05-19,3510,0,3510.0,0.0,2004-05-19,2265.830426919,2241.3883536113,2004-05-06,2004-05-19,1953.0360331319002,288.3523204793996,0.1476431133822944,3510.0,0.0,0.0
2004-04-01,3510,↑300,3510.0,300.0,2004-04-01,1888.465035979,1953.0360331319002,2004-03-19,2004-04-01,1767.3905160518,185.64551708010026,0.10503933080664973,3210.0,0.09345794392523366,0.8897423775220501
2003-12-07,3210,↑200,3210.0,200.0,2003-12-05,1783.021137353,1767.3905160518,2003-11-21,2003-12-05,1611.5372207345001,155.85329531729985,0.09671094983848127,3010.0,0.06644518272425248,0.6870492207472245
2003-07-02,3010,↑90,3010.0,90.0,2003-07-02,1662.10561055,1611.5372207345001,2003-06-19,2003-07-02,1506.5031468798002,105.03407385469995,0.06972044769520847,2920.0,0.03082191780821919,0.44207859856208903
2003-05-11,2920,↓290,2920.0,-290.0,2003-05-09,1562.103970112,1506.5031468798002,2003-04-25,2003-05-09,1857.4461562349,-350.9430093550998,-0.18893845626538752,3210.0,-0.09034267912772587,0.4781592954312507
2003-02-02,3210,↑190,3210.0,190.0,2003-01-31,1879.82722984,1857.4461562349,2003-01-20,2003-01-31,1733.7254538982002,123.72070233669979,0.0713611847011415,3020.0,0.0629139072847682,0.8816264408760834
2002-10-12,3020,↑200,3020.0,200.0,2002-10-11,1713.068999772,1733.7254538982002,2002-09-30,2002-10-11,1560.2141459936001,173.51130790460002,0.11120993124575329,2820.0,0.07092198581560294,0.637730686649545
2002-05-05,2820,↑240,2820.0,240.0,2002-05-03,1540.720232946,1560.2141459936001,2002-04-19,2002-05-03,1533.1591209047,27.055025088900038,0.017646586528432318,2580.0,0.09302325581395343,5.271458911561941
2002-04-05,2580,↑260,2580.0,260.0,2002-04-05,1562.0203758599998,1533.1591209047,2002-03-22,2002-04-05,1209.2930194006,323.8661015041,0.26781441413151286,2320.0,0.11206896551724133,0.4184575571881235
2002-03-05,2320,↑130,2320.0,130.0,2002-03-05,1328.905049225,1209.2930194006,2002-02-18,2002-03-05,1131.3427229263002,77.95029647429988,0.06890069197835635,2190.0,0.05936073059360725,0.8615404125731295
2002-01-02,2190,↓230,2190.0,-230.0,2002-01-02,1175.7963911180002,1131.3427229263002,2001-12-18,2002-01-02,1114.484798897,16.857924029300193,0.01512620364672923,2420.0,-0.0950413223140496,-6.28322377073117
2001-11-25,2420,↓360,2420.0,-360.0,2001-11-23,1140.407918569,1114.484798897,2001-11-09,2001-11-23,1208.2386410481,-93.75384215109989,-0.07759546745647206,2780.0,-0.1294964028776978,1.6688655551993432
2001-10-18,2780,↑250,2780.0,250.0,2001-10-18,1151.6457226199998,1208.2386410481,2001-10-05,2001-10-18,1543.2535324758999,-335.01489142779997,-0.21708350856020586,2530.0,0.09881422924901195,-0.4551899400575924
2001-09-10,2530,0,2530.0,0.0,2001-09-10,1571.9740152210002,1543.2535324758999,2001-08-28,2001-09-10,1502.5841555629,40.66937691299995,0.027066288941243632,2530.0,0.0,0.0
2001-08-09,2530,↓280,2530.0,-280.0,2001-08-08,1522.6397954640004,1502.5841555629,2001-07-26,2001-08-08,1570.4757537653,-67.89159820240002,-0.04322995629803661,2810.0,-0.09964412811387902,2.3049786917874955
2001-07-04,2810,↓450,2810.0,-450.0,2001-07-04,1521.59549916,1570.4757537653,2001-06-21,2001-07-04,1711.1609599438998,-140.68520617859986,-0.08221623182848459,3260.0,-0.1380368098159509,1.6789483870279585
2001-06-06,3260,↑190,3260.0,190.0,2001-06-06,1699.4799186360003,1711.1609599438998,2001-05-23,2001-06-06,1646.4214838404998,64.73947610339997,0.039321326123846756,3070.0,0.061889250814332275,1.573936001532741
2001-05-15,3070,↑100,3070.0,100.0,2001-05-15,1633.8344016099998,1646.4214838404998,2001-04-30,2001-05-15,1489.9891825874001,156.4323012530997,0.10498888386656025,2970.0,0.03367003367003374,0.3207009392806575
2001-04-10,2970,↓110,2970.0,-110.0,2001-04-10,1588.635492245,1489.9891825874001,2001-03-28,2001-04-10,1511.1992906716,-21.210108084199874,-0.014035281921535137,3080.0,-0.0357142857142857,2.5446076476374317
2001-03-07,3080,↑210,3080.0,210.0,2001-03-07,1564.2612052379998,1511.1992906716,2001-02-21,2001-03-07,1566.146842607,-54.94755193540004,-0.035084546634167824,2870.0,0.07317073170731714,-2.0855544314219037
2001-02-06,2870,↓165,2870.0,-165.0,2001-02-06,1605.8074751820002,1566.146842607,2001-01-22,2001-02-06,1414.2433777491,151.90346485789996,0.10740970560503427,3035.0,-0.054365733113673764,-0.5061528919331257
2001-01-14,3035,↓130,3035.0,-130.0,2001-01-12,1470.797209392,1414.2433777491,2000-12-29,2001-01-12,1435.5331743681002,-21.28979661900007,-0.014830584899838017,3165.0,-0.041074249605055346,2.7695637011257705
2000-12-21,3165,↓20,3165.0,-20.0,2000-12-21,1333.078706512,1435.5331743681002,2000-12-08,2000-12-21,1931.7768873477003,-496.2437129796001,-0.2568845896385762,3185.0,-0.006279434850863463,0.02444457590740774
2000-11-18,3185,↓250,3185.0,-250.0,2000-11-17,1912.490228071,1931.7768873477003,2000-11-06,2000-11-17,1917.9924809162999,13.784406431400384,0.0071868928416314315,3435.0,-0.07278020378457062,-10.126796849255573
2000-10-20,3435,↓180,3435.0,-180.0,2000-10-20,1915.489293906,1917.9924809162999,2000-10-09,2000-10-20,1991.7037438336004,-73.71126291730047,-0.03700915015373829,3615.0,-0.049792531120331995,1.3454113621493806
2000-09-20,3615,↑210,3615.0,210.0,2000-09-20,2006.9770528500003,1991.7037438336004,2000-09-07,2000-09-20,1742.8273998885998,248.8763439450006,0.14280033924237623,3405.0,0.06167400881057272,0.43188979198356736
2000-08-18,3405,↑270,3405.0,270.0,2000-08-18,1832.783379999,1742.8273998885998,2000-08-07,2000-08-18,1810.9517213396,-68.12432145100024,-0.03761796664607231,3135.0,0.0861244019138756,-2.2894486223610877
2000-07-15,3135,↑200,3135.0,200.0,2000-07-14,1798.471694712,1810.9517213396,2000-07-03,2000-07-14,1733.1827400385002,77.76898130109976,0.04487061837424733,2935.0,0.0681431005110733,1.5186574863470745
2000-06-06,2935,,2935.0,,2000-06-06,1735.357962618,1733.1827400385002,2000-05-23,2000-06-06,,,,,,
