调整日期,汽油价格真实值_CNY_per_ton,汽油涨跌真实值_CNY_per_ton,计算日汇率_USD_CNY,理论国内成本_USD_per_bbl_本期10工作日均值,理论国内成本_USD_per_bbl_上期10工作日均值,理论国内成本_CNY_per_ton_本期10工作日均值,理论国内成本_CNY_per_ton_上期10工作日均值,理论国内成本_CNY_per_ton_涨跌值,汽油价格变化率,理论国内成本_CNY_per_ton_变化率,汽油变化率_理论国内成本CNY变化率比值,匹配成本日期,10工作日窗口开始日期,10工作日窗口结束日期,油价区间,上期油价区间,理论调幅方向,传递系数_实际调幅除以理论调幅,同向调价,样本类型,是否超过50元门槛
2025-02-20,8740.0,-170.0,7.2563,76.19399999999999,79.3601,4052.658207726,4261.1386711316,-208.4804634056004,-0.0190796857463524,-0.0489259983060433,0.3899702899674036,2025-02-20,2025-02-07,2025-02-20,40-80,40-80,下跌,0.8154241276280341,True,下跌样本,True
2025-01-17,8910.0,340.0,7.3252,79.3601,73.437,4261.1386711316,3940.629273126,320.5093980055999,0.0396732788798133,0.0813345726763452,0.487778783048203,2025-01-17,2025-01-06,2025-01-17,40-80,40-80,上涨,1.0608113275794164,True,上涨样本,True
2025-01-03,8570.0,70.0,7.3206,73.437,73.12800000000001,3940.629273126,3828.099278784001,112.5299943419991,0.0082352941176471,0.0293957878693638,0.2801521821508963,2025-01-03,2024-12-18,2025-01-03,40-80,40-80,上涨,0.6220563718083668,True,上涨样本,True
2024-11-07,8500.0,-145.0,7.1416,73.12800000000001,74.23769999999999,3828.099278784001,3874.3814516858993,-46.28217290189832,-0.0167727009832272,-0.0119456933910725,1.4040793141201924,2024-11-07,2024-10-24,2024-11-07,40-80,40-80,下跌,3.13295575614715,True,下跌样本,False
2024-10-24,8645.0,90.0,7.1199,74.23769999999999,76.0479,3874.3814516858993,3939.2541469476,-64.87269526170076,0.01052016364699,-0.0164682685710868,-0.6388141899422367,2024-10-24,2024-10-11,2024-10-24,40-80,40-80,下跌,-1.387332523135258,False,下跌样本,True
2024-10-11,8555.0,140.0,7.0668,76.0479,72.4315,3939.2541469476,3743.6966095135,195.5575374340997,0.0166369578134284,0.0522364811660078,0.3184930807371209,2024-10-11,2024-09-30,2024-10-11,40-80,40-80,上涨,0.715901835525916,True,上涨样本,True
2024-09-21,8415.0,-365.0,7.0513,72.4315,82.4077,3743.6966095135,4281.9785885608,-538.2819790472995,-0.0415717539863326,-0.1257087040288587,0.3306990896731309,2024-09-20,2024-09-09,2024-09-20,40-80,80-130,下跌,0.6780832615760428,True,下跌样本,True
2024-07-26,9185.0,-145.0,7.2697,84.9153,86.0293,4524.8731844853,4572.064313157601,-47.19112867230069,-0.0155412647374062,-0.0103216239842673,1.5056995644381956,2024-07-19,2024-07-08,2024-07-19,80-130,80-130,下跌,3.0726114013269874,True,下跌样本,False
2024-07-12,9330.0,110.0,7.2504,86.0293,83.3183,4572.064313157601,4438.3082680547,133.75604510290125,0.0119305856832971,0.0301367180972145,0.3958820480986584,2024-07-12,2024-07-01,2024-07-12,80-130,80-130,上涨,0.8223927368320045,True,上涨样本,True
2024-06-28,9220.0,210.0,7.2673,83.3183,78.0734,4438.3082680547,4152.334872027601,285.9733960270987,0.02330743618202,0.0688705041478161,0.3384240680450877,2024-06-28,2024-06-17,2024-06-28,80-130,40-80,上涨,0.734334042667733,True,上涨样本,True
2024-06-14,9010.0,-190.0,7.2558,78.0734,81.8817,4152.334872027601,4332.8522828451,-180.5174108174988,-0.0206521739130435,-0.0416624890565078,0.495701874293504,2024-06-14,2024-06-03,2024-06-14,40-80,80-130,下跌,1.0525300531375779,True,下跌样本,True
2024-05-16,9200.0,-235.0,7.2191,81.8817,87.1575,4332.8522828451,4626.0815499225,-293.22926707740044,-0.0249072602013779,-0.0633860998585968,0.3929451450229871,2024-05-16,2024-05-02,2024-05-16,80-130,80-130,下跌,0.8014206847162009,True,下跌样本,True
2024-04-30,9435.0,-70.0,7.2411,87.1575,89.4522,4626.0815499225,4746.4354391514,-120.3538892288998,-0.0073645449763282,-0.025356689408677,0.2904379533792002,2024-04-30,2024-04-17,2024-04-30,80-130,80-130,下跌,0.5816180968349741,True,下跌样本,True
2024-04-17,9505.0,200.0,7.2389,89.4522,85.0099,4746.4354391514,4507.045527111,239.3899120403994,0.0214938205265986,0.0531145981553569,0.4046687967727922,2024-04-17,2024-04-03,2024-04-17,80-130,80-130,上涨,0.8354570929716038,True,上涨样本,True
2024-04-02,9305.0,200.0,7.233,85.0099,81.9784,4507.045527111,4324.5691530496,182.47637406140075,0.0219659527732014,0.0421952725470287,0.5205785256800823,2024-04-02,2024-03-18,2024-04-02,80-130,80-130,上涨,1.0960323002291945,True,上涨样本,True
2024-03-05,9105.0,125.0,7.1968,81.9784,79.95590000000001,4324.5691530496,4208.1482588094,116.42089424019925,0.0139198218262805,0.0276655875886697,0.5031457142078325,2024-03-05,2024-02-21,2024-03-05,80-130,40-80,上涨,1.0736904300193775,True,上涨样本,True
2024-02-01,8980.0,200.0,7.1802,79.95590000000001,76.4858,4208.1482588094,4034.5402094182,173.60804939120044,0.0227790432801822,0.0430304422263363,0.5293704201403845,2024-02-01,2024-01-19,2024-02-01,40-80,40-80,上涨,1.1520203164619929,True,上涨样本,True
2024-01-18,8780.0,-50.0,7.1963,76.4858,77.0087,4034.5402094182,4041.349963474501,-6.80975405630079,-0.0056625141562853,-0.0016850196389441,3.360503358781889,2024-01-18,2024-01-05,2024-01-18,40-80,40-80,下跌,7.342409077716548,True,下跌样本,False
2024-01-04,8830.0,200.0,7.1595,77.0087,74.9212,4041.349963474501,3919.0589695748,122.29099389970088,0.0231749710312862,0.0312041729530212,0.7426881996256354,2024-01-04,2023-12-19,2024-01-04,40-80,40-80,上涨,1.6354434093816714,True,上涨样本,True
2023-12-20,8630.0,-415.0,7.1363,74.9212,79.21860000000001,3919.0589695748,4157.381671144801,-238.32270157000085,-0.0458817025981205,-0.0573251917725357,0.8003759111731796,2023-12-20,2023-12-07,2023-12-20,40-80,40-80,下跌,1.7413364201819648,True,下跌样本,True
2023-12-06,9045.0,-55.0,7.1596,79.21860000000001,80.7216,4157.381671144801,4234.3655068992,-76.98383575439948,-0.006043956043956,-0.0181807252182096,0.3324375662364909,2023-12-06,2023-11-23,2023-12-06,40-80,80-130,下跌,0.7144356923895787,True,下跌样本,True
2023-11-22,9100.0,-340.0,7.1564,80.7216,85.87109999999998,4234.3655068992,4582.5397607052,-348.1742538059998,-0.0360169491525423,-0.075978446884751,0.4740416608827918,2023-11-22,2023-11-08,2023-11-22,80-130,80-130,下跌,0.9765225207876673,True,下跌样本,True
2023-11-08,9440.0,-140.0,7.2804,85.87109999999998,89.4284,4582.5397607052,4796.5645815756,-214.0248208703997,-0.0146137787056367,-0.0446204397398305,0.3275131036548641,2023-11-08,2023-10-26,2023-11-08,80-130,80-130,下跌,0.6541297379932182,True,下跌样本,True
2023-10-25,9580.0,-70.0,7.3173,89.4284,89.6299,4796.5645815756,4796.0720178167,0.4925637588994505,-0.0072538860103626,0.0001027014934449,-70.63077436407508,2023-10-25,2023-10-12,2023-10-25,80-130,80-130,上涨,-142.1135817145846,False,上涨样本,False
2023-10-11,9650.0,-85.0,7.3001,89.6299,92.3709,4796.0720178167,4947.955701936601,-151.88368411990086,-0.0087313816127375,-0.030696249778561,0.2844445714289103,2023-10-11,2023-09-28,2023-10-11,80-130,80-130,下跌,0.5596387820886596,True,下跌样本,True
2023-09-21,9735.0,385.0,7.3078,92.3709,84.6297,4947.955701936601,4515.5476347192,432.40806721740137,0.0411764705882353,0.0957598285294782,0.4299973299927097,2023-09-21,2023-09-08,2023-09-21,80-130,80-130,上涨,0.8903626670925034,True,上涨样本,True
2023-08-24,9350.0,55.0,7.2792,84.6297,84.4092,4515.5476347192,4465.916889048,49.6307456712002,0.0059171597633136,0.0111132264446998,0.5324430121853307,2023-08-24,2023-08-11,2023-08-24,80-130,80-130,上涨,1.1081840350409138,True,上涨样本,False
2023-08-10,9295.0,240.0,7.218,84.4092,79.976,4465.916889048,4205.688794735999,260.2280943120004,0.026504693539481,0.061875261583242,0.4283568725414392,2023-08-10,2023-07-27,2023-08-10,80-130,40-80,上涨,0.9222678305911585,True,上涨样本,True
2023-07-27,9055.0,275.0,7.1742,79.976,76.0413,4205.688794735999,3985.843895079,219.84489965699916,0.0313211845102505,0.0551564249489107,0.5678610341272514,2023-07-27,2023-07-14,2023-07-27,40-80,40-80,上涨,1.2508818736711815,True,上涨样本,True
2023-07-13,8780.0,155.0,7.151,76.0413,73.5111,3985.843895079,3903.600031753501,82.24386332549966,0.0179710144927536,0.0210687218609728,0.8529712723600311,2023-07-13,2023-06-30,2023-07-13,40-80,40-80,上涨,1.8846390932117405,True,上涨样本,True
2023-06-29,8625.0,70.0,7.2445,73.5111,72.8018,3903.600031753501,3822.8701303772,80.72990137629995,0.0081823495032145,0.0211176154624783,0.3874655979863278,2023-06-28,2023-06-15,2023-06-28,40-80,40-80,上涨,0.8670888828875747,True,上涨样本,True
2023-06-14,8555.0,-55.0,7.1638,72.8018,73.4932,3822.8701303772,3831.1094579252,-8.239327547999892,-0.0063879210220673,-0.0021506374689858,2.970245387326818,2023-06-14,2023-05-31,2023-06-14,40-80,40-80,下跌,6.675302041287499,True,下跌样本,False
2023-05-31,8610.0,100.0,7.1117,73.4932,72.7056,3831.1094579252,3729.7782311328,101.33122679240024,0.0117508813160986,0.027168164033609,0.4325239387380758,2023-05-31,2023-05-17,2023-05-31,40-80,40-80,上涨,0.9868626203931433,True,上涨样本,True
2023-05-17,8510.0,-380.0,6.9986,72.7056,80.3376,3729.7782311328,4070.3601779568,-340.58194682399926,-0.0427446569178853,-0.0836736632469122,0.5108495942355276,2023-05-17,2023-05-03,2023-05-17,40-80,80-130,下跌,1.1157373535020945,True,下跌样本,True
2023-04-29,8890.0,-160.0,6.9121,80.3376,83.3183,4070.3601779568,4199.332303764,-128.97212580720088,-0.0176795580110497,-0.0307125315354536,0.575646393415696,2023-04-28,2023-04-17,2023-04-28,80-130,80-130,下跌,1.2405781404206857,True,下跌样本,True
2023-04-18,9050.0,550.0,6.876,83.3183,73.24629999999999,4199.332303764,3687.934358351,511.3979454130008,0.0647058823529411,0.138667854609447,0.4666249617489425,2023-04-18,2023-04-03,2023-04-18,80-130,40-80,上涨,1.0754833978768228,True,上涨样本,True
2023-04-01,8500.0,-335.0,6.869,73.24629999999999,77.5042,3687.934358351,3912.3741164462,-224.4397580952,-0.0379173740803622,-0.0573666401563534,0.6609655712277729,2023-03-31,2023-03-20,2023-03-31,40-80,40-80,下跌,1.4926054226894325,True,下跌样本,True
2023-03-18,8835.0,-100.0,6.8867,77.5042,80.6268,3912.3741164462,4003.9282586556,-91.5541422094002,-0.0111919418019026,-0.0228660795835891,0.4894560854207405,2023-03-17,2023-02-27,2023-03-17,40-80,80-130,下跌,1.092249870806311,True,下跌样本,True
2023-02-04,8935.0,210.0,6.7749,80.6268,76.7756,4003.9282586556,3797.820601278,206.10765737759948,0.0240687679083093,0.0542699824494719,0.4435005655422609,2023-02-03,2023-01-19,2023-02-03,80-130,40-80,上涨,1.018884997636306,True,上涨样本,True
2023-01-18,8725.0,-205.0,6.7485,76.7756,76.0086,3797.820601278,3838.0469601744,-40.22635889640014,-0.022956326987682,-0.0104809449477325,2.190291724855247,2023-01-18,2023-01-05,2023-01-18,40-80,40-80,下跌,5.096160965698177,True,下跌样本,False
2023-01-04,8930.0,250.0,6.8888,76.0086,74.7957,3838.0469601744,3816.8789474739,21.168012700500185,0.0288018433179724,0.0055458957414695,5.193361841010805,2023-01-04,2022-12-19,2023-01-04,40-80,40-80,上涨,11.810272581426252,True,上涨样本,False
2022-12-20,8680.0,-480.0,6.9619,74.7957,80.73620000000001,3816.8789474739,4140.207236616001,-323.32828914210086,-0.0524017467248908,-0.0780947113667608,0.671002502061803,2022-12-20,2022-12-07,2022-12-20,40-80,80-130,下跌,1.4845592424764382,True,下跌样本,True
2022-12-06,9160.0,-440.0,6.996,80.73620000000001,88.1043,4140.207236616001,4610.9796852081,-470.77244859209895,-0.0458333333333332,-0.1020981398166477,0.4489144798881034,2022-12-06,2022-11-23,2022-12-06,80-130,80-130,下跌,0.9346341344228456,True,下跌样本,True
2022-11-22,9600.0,-175.0,7.1399,88.1043,92.7246,4610.9796852081,4927.1412855774,-316.1616003692998,-0.0179028132992327,-0.0641673502025931,0.2790019105153765,2022-11-22,2022-11-09,2022-11-22,80-130,80-130,下跌,0.5535144046449261,True,下跌样本,True
2022-11-08,9775.0,155.0,7.2493,92.7246,90.2856,4927.1412855774,4810.8412908912005,116.29999468619916,0.0161122661122661,0.0241745648326416,0.6664966349470974,2022-11-08,2022-10-26,2022-11-08,80-130,80-130,上涨,1.3327601640758562,True,上涨样本,True
2022-10-25,9620.0,185.0,7.2694,90.2856,89.2825,4810.8412908912005,4632.1968956225,178.64439526870046,0.0196078431372548,0.0385658035040614,0.5084256350367464,2022-10-25,2022-10-11,2022-10-25,80-130,80-130,上涨,1.0355768493141921,True,上涨样本,True
2022-09-22,9435.0,-290.0,7.0781,89.2825,94.1411,4632.1968956225,4807.0560069106,-174.8591112881004,-0.0298200514138817,-0.0363755094670675,0.8197837460085402,2022-09-22,2022-09-08,2022-09-22,80-130,80-130,下跌,1.6584780619306239,True,下跌样本,True
2022-09-07,9725.0,190.0,6.9662,94.1411,94.0736,4807.0560069106,4730.1022638848,76.95374302580058,0.019926586261143,0.0162689385414256,1.2248239926903628,2022-09-07,2022-08-24,2022-09-07,80-130,80-130,上涨,2.4690157038403964,True,上涨样本,True
2022-08-24,9535.0,-205.0,6.8596,94.0736,100.2999,4730.1022638848,4943.3261076546005,-213.22384376980065,-0.021047227926078,-0.0431336794551404,0.4879534552105024,2022-08-24,2022-08-11,2022-08-24,80-130,80-130,下跌,0.9614309374392518,True,下跌样本,True
2022-08-10,9740.0,-130.0,6.7238,100.2999,104.5656,4943.3261076546005,5174.794172772,-231.46806511739945,-0.0131712259371833,-0.0447299075845963,0.2944612821359619,2022-08-10,2022-07-20,2022-08-10,80-130,80-130,下跌,0.5616325514885375,True,下跌样本,True
2022-07-27,9870.0,-300.0,6.7515,104.5656,109.443,5174.794172772,5389.856634453001,-215.06246168100097,-0.0294985250737461,-0.0399013324967273,0.7392867162059215,2022-07-22,2022-07-08,2022-07-22,80-130,80-130,下跌,1.394943578972818,True,下跌样本,True
2022-07-13,10169.999999999998,-360.0,6.7187,109.443,113.2517,5389.856634453001,5561.9042387,-172.04760424699907,-0.0341880341880344,-0.0309332194268796,1.1052206922350427,2022-07-13,2022-06-29,2022-07-13,80-130,80-130,下跌,2.0924441323993577,True,下跌样本,True
2022-06-29,10530.0,-320.0,6.7,113.2517,119.6176,5561.9042387,5886.9027914128,-324.9985527128001,-0.0294930875576037,-0.0552070527114655,0.5342268081534177,2022-06-29,2022-06-16,2022-06-29,80-130,80-130,下跌,0.9846197693156581,True,下跌样本,True
2022-06-15,10850.0,390.0,6.7141,119.6176,111.5222,5886.9027914128,5454.077947872,432.8248435408004,0.0372848948374759,0.079358023056798,0.4698314474239167,2022-06-15,2022-05-31,2022-06-15,80-130,80-130,上涨,0.9010573349014254,True,上涨样本,True
2022-05-31,10460.0,400.0,6.672,111.5222,105.6189,5454.077947872,5216.236630344901,237.8413175270989,0.0397614314115308,0.0455963435675985,0.8720311389132075,2022-05-31,2022-05-18,2022-05-31,80-130,80-130,上涨,1.681793576317644,True,上涨样本,True
2022-05-17,10060.0,285.0,6.7377,105.6189,102.4372,5216.236630344901,4962.089211346,254.14741899890032,0.0291560102301791,0.051217825430825,0.5692551369553415,2022-05-17,2022-04-29,2022-05-17,80-130,80-130,上涨,1.1213963971093217,True,上涨样本,True
2022-04-29,9775.0,205.0,6.6085,102.4372,101.2235,4962.089211346,4732.570317692001,229.51889365399984,0.0214211076280042,0.0484977249669122,0.4416930411193269,2022-04-29,2022-04-14,2022-04-29,80-130,80-130,上涨,0.893172656666069,True,上涨样本,True
2022-04-16,9570.0,-545.0,6.3784,101.2235,109.5985,4732.570317692001,5111.8409585155,-379.270640823499,-0.0543478260869565,-0.074194530679147,0.7325044796358745,2022-04-14,2022-04-01,2022-04-14,80-130,80-130,下跌,1.4369685953456819,True,下跌样本,True
2022-04-01,10120.0,110.0,6.3631,109.5985,111.1865,5111.8409585155,5184.359202654,-72.51824413850045,0.012,-0.0139878895932551,-0.8578849525511212,2022-04-01,2022-03-21,2022-04-01,80-130,80-130,下跌,-1.5168596717525904,False,下跌样本,True
2022-03-18,10000.0,750.0,6.3612,111.1865,102.7324,5184.359202654,4759.140069440001,425.2191332139992,0.0804970286331712,0.089347892058162,0.9009393146149516,2022-03-18,2022-03-07,2022-03-18,80-130,80-130,上涨,1.7637964555620054,True,上涨样本,True
2022-03-04,9255.0,260.0,6.32,102.7324,93.6334,4759.140069440001,4341.4668988432,417.6731705968005,0.0289049471928848,0.0962055407374156,0.3004499218166477,2022-03-04,2022-02-21,2022-03-04,80-130,80-130,上涨,0.6224962920852539,True,上涨样本,True
2022-02-18,8995.0,210.0,6.3256,93.6334,87.51509999999999,4341.4668988432,4080.490429563,260.97646928020094,0.0239043824701195,0.0639571330420079,0.373756316663206,2022-02-18,2022-02-07,2022-02-18,80-130,80-130,上涨,0.8046702470119275,True,上涨样本,True
2022-01-30,8785.0,310.0,6.361,87.51509999999999,82.586,4080.490429563,3845.82272914,234.6677004229996,0.0365781710914454,0.0610188552490758,0.5994568554610744,2022-01-28,2022-01-17,2022-01-28,80-130,80-130,上涨,1.32101690791366,True,上涨样本,True
2022-01-18,8475.0,345.0,6.353,82.586,73.8666,3845.82272914,3441.4606275858,404.3621015541999,0.0424354243542435,0.1174972330971753,0.3611610523555698,2022-01-18,2022-01-05,2022-01-18,80-130,40-80,上涨,0.8531956844470917,True,上涨样本,True
2022-01-01,8130.0,140.0,6.3561,73.8666,72.8805,3441.4606275858,3406.042035627,35.418591958800334,0.0175219023779724,0.0103987536232155,1.6850002426112214,2021-12-31,2021-12-16,2021-12-31,40-80,40-80,上涨,3.9527263015664484,True,上涨样本,False
2021-12-18,7990.0,-130.0,6.3758,72.8805,75.2947,3406.042035627,3519.1998868364008,-113.15785120940107,-0.0160098522167487,-0.032154425678595,0.4979050901663719,2021-12-17,2021-12-06,2021-12-17,40-80,40-80,下跌,1.148837651215488,True,下跌样本,True
2021-12-04,8120.0,-430.0,6.3764,75.2947,81.5035,3519.1998868364008,3815.8452076160006,-296.64532077959984,-0.0502923976608187,-0.077740396855598,0.6469274623621525,2021-12-03,2021-11-22,2021-12-03,40-80,80-130,下跌,1.4495425003500373,True,下跌样本,True
2021-11-20,8550.0,-95.0,6.3872,81.5035,82.8,3815.8452076160006,3875.20974,-59.36453238399963,-0.0109890109890109,-0.0153190501590759,0.7173428427284289,2021-11-19,2021-11-08,2021-11-19,80-130,80-130,下跌,1.6002821244424577,True,下跌样本,True
2021-10-23,8645.0,300.0,6.385,82.8,78.46809999999999,3875.20974,3706.2880045774,168.92173542260025,0.035949670461354,0.0455770666537451,0.7887666561445972,2021-10-22,2021-10-11,2021-10-22,80-130,40-80,上涨,1.7759703879993565,True,上涨样本,True
2021-10-10,8345.0,345.0,6.4438,78.46809999999999,71.5096,3706.2880045774,3389.3581025616,316.92990201580005,0.043125,0.0935073522553642,0.4611936811367272,2021-10-08,2021-09-27,2021-10-08,40-80,40-80,上涨,1.0885687901509544,True,上涨样本,True
2021-09-19,8000.0,90.0,6.4662,71.5096,70.2942,3389.3581025616,3331.9575923676,57.40051019399971,0.0113780025284448,0.017227263133686,0.6604648945192252,2021-09-17,2021-09-06,2021-09-17,40-80,40-80,上涨,1.5679303144836514,True,上涨样本,True
2021-09-07,7910.0,140.0,6.4666,70.2942,67.711,3331.9575923676,3211.8957963820003,120.06179598559991,0.018018018018018,0.0373803521648623,0.4820184127359573,2021-09-07,2021-08-25,2021-09-07,40-80,40-80,上涨,1.1660661815919484,True,上涨样本,True
2021-08-24,7770.0,-250.0,6.4714,67.711,72.4716,3211.8957963820003,3458.8590104736,-246.96321409159964,-0.0311720698254364,-0.0714001968116603,0.4365824075760211,2021-08-24,2021-08-11,2021-08-24,40-80,40-80,下跌,1.0122965111203728,True,下跌样本,True
2021-07-27,8020.0,-100.0,6.5112,72.4716,74.29769999999999,3458.8590104736,3522.9223297007998,-64.06331922719937,-0.0123152709359606,-0.0181847095200194,0.6772322055737424,2021-07-27,2021-07-13,2021-07-27,40-80,40-80,下跌,1.5609556483539646,True,下跌样本,True
2021-07-13,8120.0,70.0,6.4688,74.29769999999999,73.185,3522.9223297007998,3467.47997799,55.44235171079936,0.0086956521739129,0.0159892348514547,0.5438441710750049,2021-07-13,2021-06-30,2021-07-13,40-80,40-80,上涨,1.2625727055218876,True,上涨样本,True
2021-06-29,8050.0,225.0,6.4638,73.185,69.5747,3467.47997799,3263.2253490837,204.25462890629976,0.0287539936102236,0.0625928665832573,0.4593813189874729,2021-06-29,2021-06-16,2021-06-29,40-80,40-80,上涨,1.1015662225369542,True,上涨样本,True
2021-06-12,7825.0,175.0,6.3987,69.5747,66.7313,3263.2253490837,3148.6458555159,114.5794935678,0.0228758169934639,0.0363900860324053,0.6286277249548977,2021-06-11,2021-05-28,2021-06-11,40-80,40-80,上涨,1.5273239089370512,True,上涨样本,True
2021-05-15,7650.0,100.0,6.4371,66.7313,64.3511,3148.6458555159,3052.8950784486,95.75077706730008,0.0132450331125828,0.0313639265703025,0.4223014960481428,2021-05-14,2021-04-29,2021-05-14,40-80,40-80,上涨,1.044377947238102,True,上涨样本,True
2021-04-29,7550.0,100.0,6.4722,64.3511,61.90169999999999,3052.8950784486,2978.9356833033,73.95939514530073,0.0134228187919462,0.0248274561816952,0.5406441438749835,2021-04-29,2021-04-16,2021-04-29,40-80,40-80,上涨,1.3520932641963859,True,上涨样本,True
2021-04-01,7450.0,-225.0,6.5653,61.90169999999999,66.70340000000002,2978.9356833033,3181.1637893086013,-202.22810600530192,-0.0293159609120521,-0.0635704790444803,0.4611568349444044,2021-04-01,2021-03-19,2021-04-01,40-80,40-80,下跌,1.1126049906935342,True,下跌样本,True
2021-03-18,7675.0,235.0,6.5063,66.70340000000002,63.5622,3181.1637893086013,3014.44369122,166.7200980886014,0.0315860215053762,0.0553070865361318,0.5711026105983957,2021-03-18,2021-03-05,2021-03-18,40-80,40-80,上涨,1.4095481150395681,True,上涨样本,True
2021-03-04,7440.0,260.0,6.47,63.5622,61.29269999999999,3014.44369122,2901.2863382307,113.1573529893003,0.0362116991643453,0.0390024767628787,0.928446144189756,2021-03-04,2021-02-19,2021-03-04,40-80,40-80,上涨,2.297685418857266,True,上涨样本,True
2021-02-19,7180.0,275.0,6.4577,61.29269999999999,54.9316,2901.2863382307,2588.1045861956004,313.1817520350992,0.0398262128892106,0.1210081515660317,0.3291200830175333,2021-02-19,2021-02-05,2021-02-19,40-80,40-80,上涨,0.8780843654300138,True,上涨样本,True
2021-01-30,6905.0,75.0,6.4277,54.9316,54.2218,2588.1045861956004,2575.8064463346,12.298139861000436,0.0109809663250366,0.0047744813584502,2.29992862064518,2021-01-29,2021-01-18,2021-01-29,40-80,40-80,上涨,6.098483254190188,True,上涨样本,False
2021-01-16,6830.0,185.0,6.4809,54.2218,50.7334,2575.8064463346,2427.1219274474,148.68451888719983,0.0278404815650865,0.0612596001897487,0.4544672423400083,2021-01-15,2020-12-31,2021-01-15,40-80,40-80,上涨,1.2442452071311545,True,上涨样本,True
2021-01-01,6645.0,90.0,6.5267,50.7334,49.9504,2427.1219274474,2393.6535378432,33.46838960420018,0.0137299771167047,0.0139821361258307,0.9819656305119098,2020-12-31,2020-12-16,2020-12-31,40-80,40-80,上涨,2.6891045868757684,True,上涨样本,False
2020-12-18,6555.0,155.0,6.5376,49.9504,47.0763,2393.6535378432,2253.8545027164,139.7990351268004,0.0242187499999999,0.0620266458896576,0.3904571922699787,2020-12-18,2020-12-07,2020-12-18,40-80,40-80,上涨,1.1087344047790604,True,上涨样本,True
2020-12-04,6400.0,250.0,6.5316,47.0763,42.8647,2253.8545027164,2062.083121313,191.7713814033996,0.0406504065040651,0.0929988609194822,0.4371064989630353,2020-12-04,2020-11-23,2020-12-04,40-80,40-80,上涨,1.3036356007370773,True,上涨样本,True
2020-11-20,6150.0,150.0,6.563,42.8647,38.5046,2062.083121313,1866.021284057,196.06183725599976,0.0249999999999999,0.1050694538862562,0.2379378503962137,2020-11-20,2020-11-09,2020-11-20,40-80,<40,上涨,0.7650647474252912,True,上涨样本,True
2020-11-06,6000.0,-160.0,6.6115,38.5046,41.1515,1866.021284057,2017.009661966,-150.98837790899984,-0.0259740259740259,-0.0748575382439318,0.3469794303064931,2020-11-06,2020-10-26,2020-11-06,<40,40-80,下跌,1.0596842102405486,True,下跌样本,True
2020-10-23,6160.0,80.0,6.6868,41.1515,39.5599,2017.009661966,1962.9214517431003,54.08821022289976,0.013157894736842,0.0275549539564452,0.4775146696902512,2020-10-23,2020-10-12,2020-10-23,40-80,<40,上涨,1.4790653946639514,True,上涨样本,True
2020-09-19,6080.0,-315.0,6.7693,39.5599,43.841,1962.9214517431003,2223.612670335,-260.69121859189977,-0.049257232212666,-0.117237692548597,0.4201484278808038,2020-09-18,2020-09-07,2020-09-18,<40,40-80,下跌,1.2083260867068872,True,下跌样本,True
2020-08-22,6395.0,85.0,6.9195,43.841,42.44029999999999,2223.612670335,2175.8074860858,47.80518424920047,0.0134706814580032,0.0219712380598526,0.6131052524808678,2020-08-21,2020-08-07,2020-08-21,40-80,40-80,上涨,1.7780498357021102,True,上涨样本,False
2020-07-11,6310.0,100.0,6.9942,42.44029999999999,41.4463,2175.8074860858,2151.2479448369004,24.559541248899222,0.0161030595813205,0.0114164159030776,1.4105179522217193,2020-07-09,2020-06-26,2020-07-09,40-80,40-80,上涨,4.071737292913893,True,上涨样本,False
2020-06-29,6210.0,120.0,7.0811,41.4463,35.2072,2151.2479448369004,1818.7138919824,332.5340528545005,0.0197044334975369,0.1828402225992995,0.1077685928042203,2020-06-29,2020-06-16,2020-06-29,40-80,<40,上涨,0.36086529776397286,True,上涨样本,True
2020-03-18,6090.0,-1015.0,7.0474,35.2072,55.4501,1818.7138919824,2844.4536673039,-1025.7397753215002,-0.1428571428571429,-0.3606104705139185,0.3961536187608536,2020-03-18,2020-03-05,2020-03-18,<40,40-80,下跌,0.9895297271492333,True,下跌样本,True
2020-02-19,7105.0,-415.0,6.9983,55.4501,58.6543,2844.4536673039,2998.2878093022,-153.83414199829986,-0.0551861702127659,-0.0513073299771386,1.075600118683932,2020-02-19,2020-02-06,2020-02-19,40-80,40-80,下跌,2.6977106291826067,True,下跌样本,True
2020-02-05,7520.0,-420.0,6.9738,58.6543,67.2313,2998.2878093022,3431.5027632128003,-433.21495391060034,-0.052896725440806,-0.1262464243231428,0.4189958307683277,2020-02-05,2020-01-22,2020-02-05,40-80,40-80,下跌,0.9694956192271068,True,下跌样本,True
2019-12-31,7940.0,235.0,6.9632,67.2313,62.9479,3431.5027632128003,3258.1410659591006,173.36169725369973,0.0304996755353665,0.0532087757233639,0.5732076169904097,2019-12-31,2019-12-16,2019-12-31,40-80,40-80,上涨,1.3555474116990098,True,上涨样本,True
2019-12-03,7705.0,55.0,7.0613,62.9479,61.6784,3258.1410659591006,3177.1967377472,80.94432821190094,0.0071895424836601,0.0254766496673715,0.2822012539925101,2019-12-03,2019-11-20,2019-12-03,40-80,40-80,上涨,0.6794793559348308,True,上涨样本,True
2019-11-19,7650.0,70.0,7.0276,61.6784,60.2669,3177.1967377472,3096.5796758569,80.61706189029974,0.0092348284960421,0.0260342281901695,0.3547187352198606,2019-11-19,2019-11-06,2019-11-19,40-80,40-80,上涨,0.8683025448788126,True,上涨样本,True
2019-11-05,7580.0,105.0,7.0097,60.2669,58.508500000000005,3096.5796758569,3035.0510307545005,61.52864510239942,0.0140468227424748,0.0202726888210191,0.6928939158731996,2019-11-05,2019-10-22,2019-11-05,40-80,40-80,上涨,1.7065222194516572,True,上涨样本,True
2019-10-22,7475.0,-150.0,7.0769,58.508500000000005,61.3516,3035.0510307545005,3191.3923142247995,-156.341283470299,-0.0196721311475409,-0.0489884251376581,0.4015669230489042,2019-10-22,2019-10-09,2019-10-22,40-80,40-80,下跌,0.9594394818211679,True,下跌样本,True
2019-09-19,7625.0,125.0,7.0966,61.3516,57.6964,3191.3923142247995,3022.1478173520004,169.24449687279912,0.0166666666666666,0.056001396060465,0.2976116282649722,2019-09-19,2019-09-06,2019-09-19,40-80,40-80,上涨,0.7385764518768818,True,上涨样本,True
2019-09-04,7500.0,115.0,7.146,57.6964,57.1187,3022.1478173520004,2957.2210774872005,64.92673986479986,0.015572105619499,0.0219553216224095,0.7092633798452217,2019-09-04,2019-08-21,2019-09-04,40-80,40-80,上涨,1.771227082084672,True,上涨样本,True
2019-08-21,7385.0,-210.0,7.0632,57.1187,60.2792,2957.2210774872005,3119.5249134672,-162.30383597999935,-0.0276497695852534,-0.0520283826807481,0.5314362692170436,2019-08-21,2019-08-06,2019-08-21,40-80,40-80,下跌,1.2938696040793407,True,下跌样本,True
2019-08-07,7595.0,-80.0,7.0602,60.2792,62.677800000000005,3119.5249134672,3157.6045843746,-38.07967090740021,-0.0104234527687296,-0.0120596705160099,0.8643231798822276,2019-08-07,2019-07-25,2019-08-07,40-80,40-80,下跌,2.100858492042619,True,下跌样本,False
2019-07-10,7675.0,150.0,6.8729,62.677800000000005,61.592000000000006,3157.6045843746,3106.154343736001,51.45024063859955,0.0199335548172756,0.0165639678344884,1.2034287325631774,2019-07-10,2019-06-27,2019-07-10,40-80,40-80,上涨,2.915438259145194,True,上涨样本,True
2019-06-26,7525.0,-120.0,6.8801,61.592000000000006,63.49559999999999,3106.154343736001,3219.6549438396,-113.50060010359904,-0.0156965336821451,-0.0352524112314482,0.4452612781318766,2019-06-26,2019-06-13,2019-06-26,40-80,40-80,下跌,1.057263132445719,True,下跌样本,True
2019-06-12,7645.0,-465.0,6.9177,63.49559999999999,69.4573,3219.6549438396,3518.1349065918,-298.4799627522002,-0.0573366214549938,-0.0848403971641194,0.6758174569135869,2019-06-12,2019-05-24,2019-06-12,40-80,40-80,下跌,1.55789352059805,True,下跌样本,True
2019-05-28,8110.0,50.0,6.9102,69.4573,69.3802,3518.1349065918,3496.837010616,21.297895975799747,0.0062034739454093,0.0060906172953276,1.0185295914370167,2019-05-28,2019-05-13,2019-05-28,40-80,40-80,上涨,2.34764974234139,True,上涨样本,False
2019-05-14,8060.0,-75.0,6.876,69.3802,70.525,3496.837010616,3478.9583328500003,17.878677765999782,-0.0092194222495389,0.0051390893639571,-1.7939797494472778,2019-05-14,2019-04-29,2019-05-14,40-80,40-80,上涨,-4.1949410902538276,False,上涨样本,False
2019-04-27,8135.0,195.0,6.7298,70.525,68.5666,3478.9583328500003,3369.5857025832,109.37263026680056,0.0245591939546598,0.0324587768113311,0.7566272166511968,2019-04-26,2019-04-11,2019-04-26,40-80,40-80,上涨,1.7828957713124611,True,上涨样本,True
2019-04-13,7940.0,-50.0,6.7044,68.5666,65.86670000000001,3369.5857025832,3240.6214189231005,128.96428366009923,-0.0062578222778473,0.0397961585105353,-0.1572468929680908,2019-04-12,2019-04-01,2019-04-12,40-80,40-80,上涨,-0.38770424322893127,False,上涨样本,True
2019-03-29,7990.0,80.0,6.7121,65.86670000000001,64.6929,3240.6214189231005,3180.1678852248,60.45353369830036,0.0101137800252844,0.0190095415965836,0.532037028557387,2019-03-29,2019-03-18,2019-03-29,40-80,40-80,上涨,1.3233304176931708,True,上涨样本,True
2019-03-01,7910.0,270.0,6.7064,64.6929,61.21450000000001,3180.1678852248,3039.0605763050003,141.10730891979983,0.0353403141361257,0.0464312261558679,0.7611324761807834,2019-03-01,2019-02-18,2019-03-01,40-80,40-80,上涨,1.9134373836968146,True,上涨样本,True
2019-02-15,7640.0,50.0,6.773,61.21450000000001,59.3024,3039.0605763050003,2926.7013552768,112.3592210282004,0.0065876152832675,0.0383910783468284,0.1715923481949234,2019-02-15,2019-01-31,2019-02-15,40-80,40-80,上涨,0.44500130512164005,True,上涨样本,True
2019-01-29,7590.0,245.0,6.7329,59.3024,55.7322,2926.7013552768,2761.983612786,164.7177424908,0.033356024506467,0.0596374800083081,0.5593131115167871,2019-01-29,2019-01-16,2019-01-29,40-80,40-80,上涨,1.4873928958423166,True,上涨样本,True
2019-01-15,7345.0,105.0,6.761,55.7322,54.6043,2761.983612786,2753.1163164415,8.867296344499664,0.0145027624309392,0.0032208215437701,4.502814649570157,2019-01-15,2019-01-02,2019-01-15,40-80,40-80,上涨,11.841264340413177,True,上涨样本,False
2018-12-29,7240.0,-370.0,6.8785,54.6043,58.57770000000001,2753.1163164415,2965.990516865701,-212.87420042420035,-0.0486202365308804,-0.0717717063536516,0.6774290176592233,2018-12-28,2018-12-12,2018-12-28,40-80,40-80,下跌,1.7381157475292481,True,下跌样本,True
2018-12-15,7610.0,-125.0,6.9077,58.57770000000001,59.3938,2965.990516865701,3030.299294117,-64.30877725129949,-0.0161603102779573,-0.0212219226583156,0.7614913379031221,2018-12-14,2018-12-03,2018-12-14,40-80,40-80,下跌,1.9437471110908755,True,下跌样本,True
2018-12-01,7735.0,-540.0,6.9605,59.3938,67.4133,3030.299294117,3428.339774682001,-398.0404805650005,-0.0652567975830815,-0.1161029847462891,0.5620596035983244,2018-11-30,2018-11-19,2018-11-30,40-80,40-80,下跌,1.3566459351910498,True,下跌样本,True
2018-11-17,8275.0,-510.0,6.938,67.4133,74.6712,3428.339774682001,3771.5550213672,-343.2152466851994,-0.058053500284576,-0.0910009915646896,0.637943601343153,2018-11-16,2018-11-02,2018-11-16,40-80,40-80,下跌,1.4859479726661948,True,下跌样本,True
2018-11-03,8785.0,-375.0,6.8907,74.6712,79.6401,3771.5550213672,4045.2950671101,-273.7400457429003,-0.040938864628821,-0.0676687463341101,0.604989257916616,2018-11-02,2018-10-22,2018-11-02,40-80,40-80,下跌,1.3699128272675316,True,下跌样本,True
2018-10-20,9160.0,165.0,6.9297,79.6401,78.4302,4045.2950671101,3948.8850417174,96.41002539269994,0.0183435241800999,0.0244144927933305,0.751337508232447,2018-10-19,2018-10-08,2018-10-19,40-80,40-80,上涨,1.7114402711535186,True,上涨样本,True
2018-10-01,8995.0,240.0,6.8689,78.4302,75.4143,3948.8850417174,3793.0020372504,155.88300446700032,0.027412906910337,0.0410975272188365,0.6670208347175858,2018-10-01,2018-09-18,2018-10-01,40-80,40-80,上涨,1.5396162065301149,True,上涨样本,True
2018-09-18,8755.0,145.0,6.8616,75.4143,73.4272,3793.0020372504,3683.7485637568,109.2534734935998,0.0168408826945412,0.029658233075001,0.5678316254361223,2018-09-18,2018-09-05,2018-09-18,40-80,40-80,上涨,1.3271889246477302,True,上涨样本,True
2018-09-04,8610.0,180.0,6.8443,73.4272,69.8304,3683.7485637568,3504.7861000704,178.9624636864005,0.0213523131672597,0.0510623069644124,0.4181619365952474,2018-09-04,2018-08-20,2018-09-04,40-80,40-80,上涨,1.0057975079926122,True,上涨样本,True
2018-08-21,8430.0,-50.0,6.8472,69.8304,71.8531,3504.7861000704,3598.1944428914003,-93.4083428210006,-0.0058962264150943,-0.0259597818582423,0.2271292743248641,2018-08-21,2018-08-07,2018-08-21,40-80,40-80,下跌,0.5352840922980031,True,下跌样本,True
2018-08-07,8480.0,70.0,6.8318,71.8531,70.9702,3598.1944428914003,3533.0168504890003,65.17759240240002,0.0083234244946492,0.0184481408271175,0.4511795834957205,2018-08-07,2018-07-25,2018-08-07,40-80,40-80,上涨,1.0739887347760086,True,上涨样本,True
2018-07-24,8410.0,-125.0,6.7915,70.9702,75.8703,3533.0168504890003,3687.0816394401,-154.06478895109967,-0.0146455770357352,-0.0417850224153146,0.3504982452843544,2018-07-24,2018-07-11,2018-07-24,40-80,40-80,下跌,0.8113469719526577,True,下跌样本,True
2018-07-10,8535.0,270.0,6.6299,75.8703,74.29870000000001,3687.0816394401,3583.1490925503003,103.9325468897996,0.0326678765880217,0.0290059230596586,1.1262484741765073,2018-07-10,2018-06-27,2018-07-10,40-80,40-80,上涨,2.5978387721632847,True,上涨样本,True
2018-06-26,8265.0,-55.0,6.5793,74.29870000000001,75.1245,3583.1490925503003,3527.9299833195,55.21910923080077,-0.0066105769230768,0.0156519855813135,-0.42234749634379,2018-06-26,2018-06-12,2018-06-26,40-80,40-80,上涨,-0.9960320035246322,False,上涨样本,True
2018-06-09,8320.0,-130.0,6.4067,75.1245,76.1687,3527.9299833195,3568.6478585178,-40.71787519830059,-0.0153846153846153,-0.0114098887905438,1.348358048622317,2018-06-08,2018-05-24,2018-06-08,40-80,40-80,下跌,3.192700978793356,True,下跌样本,False
2018-05-26,8450.0,260.0,6.3918,76.1687,72.3266,3568.6478585178,3358.0483120498,210.599546468,0.0317460317460318,0.0627148649744848,0.506196286302259,2018-05-25,2018-05-14,2018-05-25,40-80,40-80,上涨,1.2345705599109933,True,上涨样本,True
2018-05-12,8190.0,100.0,6.3341,72.3266,70.9079,3358.0483120498,3291.7117770124,66.33653503740061,0.0123609394313968,0.0201525952243633,0.6133671268528816,2018-05-11,2018-04-26,2018-05-11,40-80,40-80,上涨,1.5074649277900918,True,上涨样本,True
2018-04-27,8090.0,255.0,6.3332,70.9079,66.7137,3291.7117770124,3068.5466667750006,223.16511023739892,0.0325462667517548,0.0727266469999434,0.4475150181443147,2018-04-27,2018-04-16,2018-04-27,40-80,40-80,上涨,1.1426517331886499,True,上涨样本,True
2018-04-13,7835.0,55.0,6.275,66.7137,65.3389,3068.5466667750006,3012.3999349026,56.14673187240078,0.0070694087403599,0.0186385384031739,0.3792898663747227,2018-04-13,2018-03-29,2018-04-13,40-80,40-80,上涨,0.9795761599266927,True,上涨样本,True
2018-03-29,7780.0,170.0,6.2898,65.3389,63.251,3012.3999349026,2947.851185106,64.54874979660008,0.0223390275952692,0.0218968820823561,1.0201921675994854,2018-03-29,2018-03-16,2018-03-29,40-80,40-80,上涨,2.63366835973877,True,上涨样本,True
2018-03-01,7610.0,-190.0,6.3582,63.251,65.0638,2947.851185106,3003.1027754726,-55.25159036660034,-0.0243589743589743,-0.018398168327058,1.323989101847153,2018-03-01,2018-02-16,2018-03-01,40-80,40-80,下跌,3.438815041147761,True,下跌样本,True
2018-02-10,7800.0,-170.0,6.2969,65.0638,67.3045,3003.1027754726,3118.0200135970003,-114.91723812440024,-0.0213299874529485,-0.0368558372375005,0.5787410910108283,2018-02-09,2018-01-29,2018-02-09,40-80,40-80,下跌,1.479325493499692,True,下跌样本,True
2018-01-27,7970.0,65.0,6.3202,67.3045,65.98429999999999,3118.0200135970003,3124.959041659,-6.939028061999579,0.0082226438962682,-0.0022205180834357,-3.7030294675852087,2018-01-26,2018-01-15,2018-01-26,40-80,40-80,下跌,-9.367306115385464,False,下跌样本,False
2018-01-13,7905.0,180.0,6.461,65.98429999999999,62.6288,3124.959041659,2987.0249389968,137.93410266220008,0.0233009708737863,0.0461777539455448,0.5045929886772766,2018-01-12,2017-12-29,2018-01-12,40-80,40-80,上涨,1.3049709718329707,True,上涨样本,True
2017-12-29,7725.0,70.0,6.5067,62.6288,61.127100000000006,2987.0249389968,2969.2148958324005,17.810043164399303,0.009144350097975,0.0059982331320638,1.5245072835021305,2017-12-29,2017-12-14,2017-12-29,40-80,40-80,上涨,3.930366667494877,True,上涨样本,False
2017-11-17,7655.0,265.0,6.6268,61.127100000000006,57.7555,2969.2148958324005,2810.606143785,158.60875204740069,0.0358592692828145,0.0564322227780391,0.6354396037855408,2017-11-17,2017-11-06,2017-11-17,40-80,40-80,上涨,1.6707779147067747,True,上涨样本,True
2017-11-03,7390.0,150.0,6.639,57.7555,55.5015,2810.606143785,2706.776075133,103.83006865199968,0.0207182320441989,0.0383593122482057,0.5401095804361837,2017-11-03,2017-10-23,2017-11-03,40-80,40-80,上涨,1.4446682155507862,True,上涨样本,True
2017-09-30,7240.0,210.0,6.6534,55.5015,52.7934,2706.776075133,2535.6964607172,171.07961441580028,0.0298719772403983,0.067468491227618,0.4427544872705019,2017-09-29,2017-09-18,2017-09-29,40-80,40-80,上涨,1.2274986749128725,True,上涨样本,True
2017-09-16,7030.0,95.0,6.5526,52.7934,49.4376,2535.6964607172,2438.4389242320003,97.25753648519958,0.0136986301369863,0.0398851640361799,0.3434517687970469,2017-09-15,2017-09-04,2017-09-15,40-80,40-80,上涨,0.9767880560542151,True,上涨样本,True
2017-08-05,6935.0,175.0,6.729,49.4376,46.546,2438.4389242320003,2308.745693842,129.69323039000028,0.025887573964497,0.0561747578938314,0.4608399739510005,2017-08-04,2017-07-24,2017-08-04,40-80,40-80,上涨,1.3493379683253923,True,上涨样本,True
2017-07-22,6760.0,75.0,6.7669,46.546,44.8627,2308.745693842,2248.2049785897,60.54071525230029,0.0112191473448017,0.0269284677459782,0.4166277654798002,2017-07-21,2017-07-10,2017-07-21,40-80,40-80,上涨,1.2388357106030445,True,上涨样本,True
2017-06-24,6685.0,-250.0,6.8367,44.8627,48.4678,2248.2049785897,2415.1184852520005,-166.91350666230073,-0.0360490266762797,-0.0691119328851,0.5216035085606987,2017-06-23,2017-06-12,2017-06-23,40-80,40-80,下跌,1.4977817253926597,True,下跌样本,True
2017-06-10,6935.0,-180.0,6.798,48.4678,50.9641,2415.1184852520005,2561.0249174268,-145.90643217479965,-0.0252986647926914,-0.0569718908949155,0.4440552067923252,2017-06-09,2017-05-25,2017-06-09,40-80,40-80,下跌,1.2336673395204085,True,下跌样本,True
2017-05-26,7115.0,140.0,6.8556,50.9641,48.0427,2561.0249174268,2429.6443461054,131.3805713214001,0.0200716845878137,0.0540739929825517,0.3711892442322562,2017-05-26,2017-05-15,2017-05-26,40-80,40-80,上涨,1.065606570225014,True,上涨样本,True
2017-05-12,6975.0,-250.0,6.8994,48.0427,52.39919999999999,2429.6443461054,2646.35347704,-216.70913093459967,-0.0346020761245674,-0.0818897145883146,0.4225448372670851,2017-05-12,2017-04-27,2017-05-12,40-80,40-80,下跌,1.153620057086783,True,下跌样本,True
2017-04-13,7225.0,200.0,6.89,52.39919999999999,49.104,2646.35347704,2479.9336848,166.41979223999988,0.0284697508896796,0.0671065493646139,0.4242469797544391,2017-04-13,2017-03-31,2017-04-13,40-80,40-80,上涨,1.2017801326874205,True,上涨样本,True
2017-03-29,7025.0,-230.0,6.89,49.104,51.537,2479.9336848,2612.1400122869995,-132.20632748699973,-0.0317022742935906,-0.0506122669018991,0.6263753084808193,2017-03-29,2017-03-16,2017-03-29,40-80,40-80,下跌,1.7397049322213163,True,下跌样本,True
2017-03-15,7255.0,-85.0,6.9147,51.537,53.92530000000001,2612.1400122869995,2715.9565243239003,-103.8165120369008,-0.0115803814713896,-0.0382246590131792,0.3029557822189305,2017-03-15,2017-03-02,2017-03-15,40-80,40-80,下跌,0.8187522228620759,True,下跌样本,True
2017-02-15,7340.0,50.0,6.8711,53.92530000000001,53.5596,2715.9565243239003,2701.6994580156,14.257066308300182,0.0068587105624142,0.0052770733865312,1.2997186243268528,2017-02-15,2017-02-02,2017-02-15,40-80,40-80,上涨,3.507032857867189,True,上涨样本,False
2017-01-26,7290.0,-70.0,6.8817,53.5596,53.8481,2701.6994580156,2723.6727069865,-21.97324897089993,-0.0095108695652174,-0.0080675071254106,1.17891058754204,2017-01-26,2017-01-13,2017-01-26,40-80,40-80,下跌,3.1856918425083087,True,下跌样本,False
2017-01-13,7360.0,240.0,6.9005,53.8481,53.0795,2723.6727069865,2706.1175937455,17.555113241000072,0.0337078651685394,0.0064871952651186,5.196061439646352,2017-01-13,2016-12-30,2017-01-13,40-80,40-80,上涨,13.671230524419435,True,上涨样本,False
2016-12-29,7120.0,100.0,6.9553,53.0795,52.2085,2706.1175937455,2657.5023964115,48.615197334000186,0.0142450142450143,0.0182935666961756,0.7786898247673222,2016-12-29,2016-12-14,2016-12-29,40-80,40-80,上涨,2.0569699493961044,True,上涨样本,False
2016-12-15,7020.0,435.0,6.9443,52.2085,46.1848,2657.5023964115,2331.318412716,326.18398369550005,0.0660592255125285,0.1399139568050225,0.4721417864308244,2016-12-15,2016-12-02,2016-12-15,40-80,40-80,上涨,1.333603186372517,True,上涨样本,True
2016-12-01,6585.0,175.0,6.8865,46.1848,42.758300000000006,2331.318412716,2155.7853611437004,175.53305157229943,0.0273010920436818,0.0814241782768088,0.3352946584351062,2016-12-01,2016-11-18,2016-12-01,40-80,40-80,上涨,0.9969632410105975,True,上涨样本,True
2016-11-17,6410.0,-365.0,6.8783,42.758300000000006,49.0942,2155.7853611437004,2427.4029222644003,-271.6175611207,-0.0538745387453875,-0.1118963640644058,0.4814681799167142,2016-11-17,2016-11-04,2016-11-17,40-80,40-80,下跌,1.3438011831562071,True,下跌样本,True
2016-10-20,6775.0,355.0,6.7454,49.0942,44.500600000000006,2427.4029222644003,2175.1940005630004,252.2089217014,0.0552959501557632,0.1159477828810309,0.4769039026170952,2016-10-20,2016-10-07,2016-10-20,40-80,40-80,上涨,1.407563212297059,True,上涨样本,True
2016-09-19,6420.0,-155.0,6.6685,44.500600000000006,45.7127,2175.1940005630004,2238.4624649255,-63.2684643624998,-0.023574144486692,-0.0282642507318546,0.8340622474072258,2016-09-19,2016-09-05,2016-09-19,40-80,40-80,下跌,2.4498777007123143,True,下跌样本,True
2016-09-02,6575.0,205.0,6.6805,45.7127,44.0206,2238.4624649255,2146.7946838936,91.66778103190018,0.032182103610675,0.0426998360484311,0.7536821353171791,2016-09-02,2016-08-19,2016-09-02,40-80,40-80,上涨,2.236336449866289,True,上涨样本,True
2016-08-19,6370.0,175.0,6.6532,44.0206,40.0166,2146.7946838936,1952.495749607,194.2989342866001,0.0282485875706215,0.0995131151121373,0.2838679860316838,2016-08-19,2016-08-05,2016-08-19,40-80,40-80,上涨,0.9006740085453415,True,上涨样本,True
2016-08-05,6195.0,-220.0,6.6565,40.0166,43.0495,1952.495749607,2107.7351613825,-155.2394117755,-0.0342946219797349,-0.0736522380134683,0.4656290549306016,2016-08-05,2016-07-25,2016-08-05,40-80,40-80,下跌,1.4171658954631556,True,下跌样本,True
2016-07-22,6415.0,-155.0,6.6795,43.0495,49.0141,2107.7351613825,2357.551742386,-249.81658100350023,-0.0235920852359208,-0.1059644106689549,0.2226415934084249,2016-07-22,2016-07-11,2016-07-22,40-80,40-80,下跌,0.6204552130902322,True,下跌样本,True
2016-06-09,6570.0,110.0,6.562,49.0141,48.52,2357.551742386,2332.0075412,25.54420118600001,0.0170278637770897,0.0109537386713833,1.5545252893037345,2016-06-09,2016-05-26,2016-06-09,40-80,40-80,上涨,4.306261103999119,True,上涨样本,False
2016-05-26,6460.0,210.0,6.557,48.52,44.2976,2332.0075412,2116.0141356544,215.99340554560013,0.0336,0.1020755967108895,0.3291678038891699,2016-05-26,2016-05-13,2016-05-26,40-80,40-80,上涨,0.9722519049576501,True,上涨样本,True
2016-05-12,6250.0,120.0,6.5168,44.2976,40.4734,2116.0141356544,1926.87179289,189.14234276439996,0.0195758564437193,0.098160315316421,0.1994273997655405,2016-05-12,2016-04-28,2016-05-12,40-80,40-80,上涨,0.6344428129954738,True,上涨样本,True
2016-04-27,6130.0,165.0,6.495,40.4734,30.030700000000003,1926.87179289,1450.6679792962002,476.2038135937999,0.027661357921207,0.328265199473716,0.0842652768723413,2016-04-27,2016-04-14,2016-04-27,40-80,<40,上涨,0.34649029531028575,True,上涨样本,True
2016-01-14,5965.0,-140.0,6.5902,30.030700000000003,41.2004,1450.6679792962002,1932.4307660816,-481.7627867853996,-0.0229320229320229,-0.2493040347118218,0.0919841628657583,2016-01-14,2015-12-31,2016-01-14,<40,40-80,下跌,0.29059944819350014,True,下跌样本,True
