调整日期,上次调整日期,汽油,汽油价格_CNY_per_ton,汇率日期,USD_CNY,汇率间隔天数,汽油价格_USD_per_bbl,布伦特均价_USD_per_bbl,布伦特样本天数,迪拜均价_USD_per_bbl,迪拜样本天数,WTI均价_USD_per_bbl,WTI样本天数,三油算术均价_USD_per_bbl,三油可用数量
2026-05-09,2026-04-22,1.009万,10089.999999999998,2026-05-08,6.8006,1,202.41372651534354,117.61142857142856,7,103.21916666666665,12,104.41,8,108.41353174603175,3
2026-04-22,2026-04-08,9770,9770.0,2026-04-22,6.828,0,195.2077593985443,113.324,10,103.251,10,94.662,10,103.74566666666665,3
2026-04-08,2026-03-24,1.032万,10320.0,2026-04-08,6.8297,0,206.14561219164327,122.22888888888889,9,120.88181818181819,11,103.63900000000001,10,115.5832356902357,3
2026-03-24,2026-03-10,9905,9905.0,2026-03-24,6.8925,0,196.05310753082443,106.579,10,129.10899999999998,10,94.374,10,110.02066666666667,3
2026-03-10,2026-02-25,8745,8745.0,2026-03-10,6.8772,0,173.47791135213268,83.73111111111112,9,86.21111111111111,9,78.02888888888889,9,82.65703703703703,3
2026-02-25,2026-02-04,8050,8050.0,2026-02-25,6.8695,0,159.86992744387743,71.05866666666665,15,67.66571428571429,14,64.63,14,67.78479365079365,3
2026-02-04,2026-01-21,7875,7875.0,2026-02-04,6.9418,0,154.76561960469854,69.463,10,63.161,10,62.324,10,64.98266666666666,3
2026-01-21,2025-12-23,7670,7670.0,2026-01-21,6.9639,0,150.2584356937092,64.63055555555555,18,61.18055555555556,18,58.585555555555565,18,61.46555555555556,3
2025-12-23,2025-12-09,7585,7585.0,2025-12-23,7.0285,0,147.22750803806875,61.714999999999996,10,61.818000000000005,10,57.22699999999999,10,60.25333333333333,3
2025-12-09,2025-11-25,7755,7755.0,2025-12-09,7.0636,0,149.7792769139358,63.888999999999996,10,63.733333333333334,9,59.138888888888886,9,62.25374074074074,3
2025-11-25,2025-11-11,7810,7810.0,2025-11-25,7.0847,0,150.3922976344062,63.451,10,64.66499999999999,10,59.84400000000001,10,62.65333333333333,3
2025-11-11,2025-10-28,7880,7880.0,2025-11-11,7.1173,0,151.04521467579073,64.393,10,65.27100000000002,10,61.073333333333345,9,63.579111111111125,3
2025-10-28,2025-10-14,7755,7755.0,2025-10-28,7.0993,0,149.0260871366581,63.029999999999994,10,64.122,10,59.97800000000001,10,62.376666666666665,3
2025-10-14,2025-08-27,8020,8020.0,2025-10-14,7.139,0,153.2614787974592,67.37529411764706,34,68.45515151515151,33,63.3746875,32,66.40171104426618,3
2025-08-27,2025-07-16,8095,8095.0,2025-08-27,7.1543,0,154.36389594183896,69.14689655172414,29,69.73166666666665,30,66.173,30,68.35052107279694,3
2025-07-16,2025-07-02,8275,8275.0,2025-07-16,7.1796,0,157.24026928807,71.12199999999999,10,70.21000000000001,9,68.54888888888888,9,69.96029629629629,3
2025-07-02,2025-06-18,8405,8405.0,2025-07-02,7.1658,0,160.01808194806793,71.549,10,69.4111111111111,9,67.91222222222221,9,69.6241111111111,3
2025-06-18,2025-06-04,8170,8170.0,2025-06-18,7.1894,0,155.03345819377634,72.256,10,67.78200000000001,10,69.65299999999999,10,69.897,3
2025-06-04,2025-05-20,7910,7910.0,2025-06-04,7.1852,0,150.1874514074292,65.58200000000002,10,63.851,10,62.658,10,64.03033333333333,3
2025-05-20,2025-04-18,7845,7845.0,2025-05-20,7.2195,0,148.24561378644523,64.959,20,64.94409090909092,22,62.39499999999999,22,64.09936363636363,3
2025-04-18,2025-04-03,8075,8075.0,2025-04-18,7.3003,0,150.90299135326794,66.988,10,67.5311111111111,9,62.029999999999994,10,65.51637037037037,3
2025-04-03,2025-03-20,8555,8555.0,2025-04-03,7.2821,0,160.2726437190837,74.92099999999999,10,73.52799999999999,10,70.05799999999999,10,72.83566666666665,3
2025-03-20,2025-03-06,8325,8325.0,2025-03-20,7.2484,0,156.68885820066757,71.861,10,71.35,10,67.33,10,70.18033333333334,3
2025-03-06,2025-02-20,8605,8605.0,2025-03-06,7.2478,0,161.97228141337106,73.33,10,75.119,10,69.069,10,72.50600000000001,3
2025-02-20,2025-01-17,8740,8740.0,2025-02-20,7.2563,0,164.3206818503614,77.04416666666667,24,79.04409090909093,22,73.09954545454546,22,76.39593434343436,3
2025-01-17,2025-01-03,8910,8910.0,2025-01-17,7.3252,0,165.9412062297942,80.465,10,78.751,10,77.44111111111111,9,78.88570370370371,3
2025-01-03,2024-11-07,8570,8570.0,2025-01-03,7.3206,0,159.70928660862046,74.04078947368419,38,72.73789473684211,38,70.03756756756756,37,72.2720839260313,3
2024-11-07,2024-10-24,8500,8500.0,2024-11-07,7.1416,0,162.37509916342822,74.279,10,74.393,10,70.421,10,73.031,3
2024-10-24,2024-10-11,8645,8645.0,2024-10-24,7.1199,0,165.64835561576763,74.52777777777777,9,75.37666666666667,9,71.14750000000001,8,73.68398148148148,3
2024-10-11,2024-09-21,8555,8555.0,2024-10-11,7.0668,0,165.1555752004782,76.42933333333333,15,75.23466666666667,15,72.57933333333334,15,74.74777777777778,3
2024-09-21,2024-09-06,8415,8415.0,2024-09-20,7.0513,1,162.8099539239124,73.543,10,72.869,10,70.482,10,72.298,3
2024-09-06,2024-08-09,8780,8780.0,2024-09-06,7.0888,0,168.97319569343904,79.46105263157895,19,76.77947368421053,19,75.40526315789472,19,77.21526315789474,3
2024-08-09,2024-07-26,8880,8880.0,2024-08-09,7.1673,0,169.02595878975814,79.553,10,78.869,10,76.719,10,78.38033333333333,3
2024-07-26,2024-07-12,9185,9185.0,2024-07-26,7.2511,0,172.8109634511303,84.281,10,84.39899999999999,10,81.118,10,83.266,3
2024-07-12,2024-06-28,9330,9330.0,2024-07-12,7.2504,0,175.5560101571853,87.412,10,85.93333333333334,9,83.95888888888891,9,85.7680740740741,3
2024-06-28,2024-06-14,9220,9220.0,2024-06-28,7.2673,0,173.08277830298118,85.88,10,82.46222222222221,9,82.41222222222224,9,83.58481481481482,3
2024-06-14,2024-05-16,9010,9010.0,2024-06-14,7.2558,0,169.40862326368853,79.66150000000002,20,82.2025,20,78.5375,20,80.13383333333334,3
2024-05-16,2024-04-30,9200,9200.0,2024-05-16,7.2191,0,173.86044822773178,82.68727272727273,11,83.74666666666666,12,80.305,12,82.24631313131313,3
2024-04-30,2024-04-17,9435,9435.0,2024-04-30,7.2411,0,177.75973113006975,88.40333333333334,9,89.00666666666666,9,84.15777777777778,9,87.18925925925926,3
2024-04-17,2024-04-02,9505,9505.0,2024-04-17,7.2389,0,179.13298767043005,91.40363636363635,11,89.92727272727274,11,86.33909090909091,11,89.22333333333331,3
2024-04-02,2024-03-05,9305,9305.0,2024-04-02,7.233,0,175.50679591360577,85.47666666666666,18,84.07789473684211,19,81.91421052631578,19,83.8229239766082,3
2024-03-05,2024-02-01,9105,9105.0,2024-03-05,7.1968,0,172.59831108808706,83.82869565217389,23,80.55318181818183,22,77.7409090909091,22,80.7075955204216,3
2024-02-01,2024-01-18,8980,8980.0,2024-02-01,7.1802,0,170.6223112498282,82.55800000000002,10,78.53099999999999,10,76.16999999999999,10,79.08633333333333,3
2024-01-18,2024-01-04,8780,8780.0,2024-01-18,7.1963,0,166.44903486953723,79.014,10,77.48888888888888,9,72.65444444444444,9,76.38577777777778,3
2024-01-04,2023-12-20,8830,8830.0,2024-01-04,7.1595,0,168.25734646731507,78.48375000000001,8,77.27444444444444,9,72.99,9,76.24939814814815,3
2023-12-20,2023-12-06,8630,8630.0,2023-12-20,7.1363,0,164.98092042492277,76.785,10,76.23100000000001,10,70.97,10,74.662,3
2023-12-06,2023-11-22,9045,9045.0,2023-12-06,7.1596,0,172.35180545804727,79.49999999999999,10,80.84888888888888,9,73.99555555555555,9,78.1148148148148,3
2023-11-22,2023-11-08,9100,9100.0,2023-11-22,7.1564,0,173.47736250050806,82.24699999999999,10,83.273,10,77.16333333333333,9,80.89444444444443,3
2023-11-08,2023-10-25,9440,9440.0,2023-11-08,7.2804,0,176.89386810148582,87.242,10,86.988,10,81.51400000000001,10,85.248,3
2023-10-25,2023-10-11,9580,9580.0,2023-10-25,7.3173,0,178.61201646086852,91.509,10,89.859,10,86.68100000000001,10,89.34966666666666,3
2023-10-11,2023-09-21,9650,9650.0,2023-10-11,7.3001,0,180.34102319292083,92.38214285714287,14,90.26857142857145,14,88.02384615384615,13,90.2248534798535,3
2023-09-21,2023-08-24,9735,9735.0,2023-09-21,7.3078,0,181.73782581522434,91.67421052631579,19,90.65157894736842,19,86.77631578947368,19,89.70070175438597,3
2023-08-24,2023-08-10,9350,9350.0,2023-08-24,7.2792,0,175.23626346358017,85.54099999999998,10,86.425,10,80.72,10,84.22866666666665,3
2023-08-10,2023-07-27,9295,9295.0,2023-08-10,7.218,0,175.68251570558218,86.38499999999999,10,85.38999999999999,10,81.95800000000001,10,84.57766666666667,3
2023-07-27,2023-07-13,9055,9055.0,2023-07-27,7.1742,0,172.19121892861273,81.05499999999999,10,79.758,10,77.133,10,79.31533333333333,3
2023-07-13,2023-06-29,8780,8780.0,2023-07-13,7.151,0,167.50345261245292,77.652,10,77.38555555555556,9,73.15222222222222,9,76.06325925925927,3
2023-06-29,2023-06-14,8625,8625.0,2023-06-29,7.2525,0,162.24353177363216,74.7309090909091,11,75.00800000000001,10,70.02,10,73.25296969696969,3
2023-06-14,2023-05-31,8555,8555.0,2023-06-14,7.1638,0,162.91931919187294,74.991,10,74.29299999999998,10,70.435,10,73.23966666666666,3
2023-05-31,2023-05-17,8610,8610.0,2023-05-31,7.1117,0,165.16793867400762,75.43777777777778,9,74.9511111111111,9,71.5588888888889,9,73.9825925925926,3
2023-05-17,2023-04-29,8510,8510.0,2023-05-17,6.9986,0,165.8877867953244,75.48909090909092,11,75.01846153846152,13,71.59153846153846,13,74.03303030303029,3
2023-04-29,2023-04-18,8890,8890.0,2023-04-28,6.9121,1,175.46389822399152,82.37125,8,83.6375,8,76.985,8,80.99791666666668,3
2023-04-18,2023-04-01,9050,9050.0,2023-04-18,6.876,0,179.55964435682728,86.452,10,85.0690909090909,11,81.23636363636363,11,84.25248484848485,3
2023-04-01,2023-03-18,8500,8500.0,2023-03-31,6.869,1,168.8190432647458,76.124,10,78.19000000000001,10,71.55999999999999,10,75.29133333333334,3
2023-03-18,2023-02-04,8835,8835.0,2023-03-17,6.8867,1,175.02150525982708,81.78066666666669,30,81.6503448275862,29,76.00000000000001,29,79.81033716475098,3
2023-02-04,2023-01-18,8935,8935.0,2023-02-03,6.7749,1,179.92341806890641,84.24249999999999,12,80.36166666666666,12,78.81166666666668,12,81.13861111111112,3
2023-01-18,2023-01-04,8725,8725.0,2023-01-18,6.7485,0,176.38197806778547,80.698,10,78.14333333333333,9,76.95999999999998,9,78.60044444444443,3
2023-01-04,2022-12-20,8930,8930.0,2023-01-04,6.8888,0,176.8495292118983,80.42875000000001,8,77.04444444444445,9,78.00444444444445,9,78.49254629629631,3
2022-12-20,2022-12-06,8680,8680.0,2022-12-20,6.9619,0,170.09359870573667,79.462,10,75.59599999999999,10,74.08699999999999,10,76.38166666666666,3
2022-12-06,2022-11-22,9160,9160.0,2022-12-06,6.996,0,178.62477642652163,84.332,10,82.63666666666667,9,77.98666666666668,9,81.65177777777778,3
2022-11-22,2022-11-08,9600,9600.0,2022-11-22,7.1399,0,183.4320117942198,92.119,10,88.482,10,84.212,10,88.271,3
2022-11-08,2022-10-25,9775,9775.0,2022-11-08,7.2493,0,183.9571695768377,95.777,10,91.41800000000002,10,89.258,10,92.15100000000001,3
2022-10-25,2022-09-22,9620,9620.0,2022-10-25,7.2694,0,180.53962279830336,91.5478260869565,23,91.35652173913044,23,85.44608695652174,23,89.45014492753624,3
2022-09-22,2022-09-07,9435,9435.0,2022-09-22,7.0781,0,181.85332067729308,90.658,10,92.25090909090909,11,85.97636363636364,11,89.62842424242426,3
2022-09-07,2022-08-24,9725,9725.0,2022-09-07,6.9662,0,190.45382375072182,94.8488888888889,9,94.43555555555555,9,90.08444444444444,9,93.12296296296296,3
2022-08-24,2022-08-10,9535,9535.0,2022-08-24,6.8596,0,189.63475332207867,98.89399999999999,10,95.596,10,93.635,10,96.04166666666667,3
2022-08-10,2022-07-27,9740,9740.0,2022-08-10,6.7238,0,197.62423209087208,104.624,10,97.653,10,95.18400000000001,10,99.15366666666667,3
2022-07-27,2022-07-13,9870,9870.0,2022-07-27,6.7585,0,199.23372730272155,111.28600000000002,10,102.454,10,100.618,10,104.786,3
2022-07-13,2022-06-29,1.017万,10169.999999999998,2022-07-13,6.7187,0,206.50555023769354,113.617,10,103.38888888888889,9,103.72666666666666,9,106.91085185185186,3
2022-06-29,2022-06-15,1.053万,10530.0,2022-06-29,6.7,0,214.41224980147013,119.18599999999999,10,112.97,9,110.6,9,114.252,3
2022-06-15,2022-05-31,1.085万,10850.0,2022-06-15,6.7141,0,220.46413980084225,126.529,10,114.91090909090909,11,118.94727272727273,11,120.1290606060606,3
2022-05-31,2022-05-17,1.046万,10460.0,2022-05-31,6.672,0,213.88073715652308,117.374,10,107.21222222222222,9,112.86555555555555,9,112.48392592592592,3
2022-05-17,2022-04-29,1.006万,10060.0,2022-05-17,6.7377,0,203.6959228074255,109.66818181818184,11,105.17833333333333,12,107.0675,12,107.30467171717173,3
2022-04-29,2022-04-16,9775,9775.0,2022-04-29,6.6085,0,201.7947657431141,104.72111111111111,9,103.21600000000001,10,103.43299999999999,10,103.79003703703704,3
2022-04-16,2022-04-01,9570,9570.0,2022-04-15,6.3712,1,204.9211218559918,104.25666666666667,9,101.33555555555556,9,100.21111111111112,9,101.93444444444445,3
2022-04-01,2022-03-18,1.012万,10120.0,2022-04-01,6.3631,0,216.9740469238108,117.429,10,110.46900000000001,10,108.79199999999999,10,112.23,3
2022-03-18,2022-03-04,1万,10000.0,2022-03-18,6.3612,0,214.46527073795525,115.93900000000001,10,111.196,10,106.91,10,111.34833333333331,3
2022-03-04,2022-02-18,9255,9255.0,2022-03-04,6.32,0,199.78154627247136,106.899,10,99.20111111111113,9,100.2988888888889,9,102.133,3
2022-02-18,2022-01-30,8995,8995.0,2022-02-18,6.3256,0,193.99720247191473,95.66866666666668,15,89.806,15,91.03399999999998,15,92.16955555555556,3
2022-01-30,2022-01-18,8785,8785.0,2022-01-28,6.361,2,188.41366418358118,89.97,8,83.31375,8,86.62375,8,86.63583333333334,3
2022-01-18,2022-01-01,8475,8475.0,2022-01-18,6.353,0,181.9939189335736,83.70833333333333,12,80.08181818181818,11,80.20818181818183,11,81.33277777777778,3
2022-01-01,2021-12-18,8130,8130.0,2021-12-31,6.3561,1,174.5001680932431,75.50375,8,72.85888888888888,9,74.08222222222223,9,74.14828703703704,3
2021-12-18,2021-12-04,7990,7990.0,2021-12-17,6.3758,1,170.9653577110961,74.275,10,72.755,10,71.249,10,72.75966666666666,3
2021-12-04,2021-11-20,8120,8120.0,2021-12-03,6.3764,1,173.73067278358386,75.619,10,76.54444444444444,9,70.97874999999999,8,74.38073148148148,3
2021-11-20,2021-10-23,8550,8550.0,2021-11-19,6.3872,1,182.62138191799696,82.9145,20,81.35749999999999,20,81.6385,20,81.97016666666666,3
2021-10-23,2021-10-10,8645,8645.0,2021-10-22,6.385,1,184.71413111177822,84.426,10,81.195,10,82.326,10,82.64899999999999,3
2021-10-10,2021-09-19,8345,8345.0,2021-10-08,6.4438,2,176.67712106864823,78.592,15,74.87933333333334,15,75.37933333333334,15,76.28355555555557,3
2021-09-19,2021-09-07,8000,8000.0,2021-09-17,6.4662,2,168.786177998612,73.345,8,71.13624999999999,8,70.735,8,71.73875,3
2021-09-07,2021-08-24,7910,7910.0,2021-09-07,6.4666,0,166.87701046185944,72.31333333333333,9,69.8411111111111,9,68.78222222222223,9,70.31222222222222,3
2021-08-24,2021-07-27,7770,7770.0,2021-08-24,6.4714,0,163.80184892443742,71.3275,20,70.0445,20,68.374,20,69.91533333333334,3
2021-07-27,2021-07-13,8020,8020.0,2021-07-27,6.5112,0,168.03871746146046,73.53999999999999,10,72.51200000000001,10,70.874,10,72.30866666666667,3
2021-07-13,2021-06-29,8120,8120.0,2021-07-13,6.4688,0,171.24911296333852,76.60799999999999,10,73.21,9,74.11666666666666,9,74.64488888888889,3
2021-06-29,2021-06-12,8050,8050.0,2021-06-29,6.4638,0,169.90415337351345,74.395,12,71.37583333333333,12,72.60583333333334,12,72.79222222222222,3
2021-06-12,2021-05-15,7825,7825.0,2021-06-11,6.3987,1,166.83555968724977,69.60263157894737,19,67.95526315789472,19,67.2678947368421,19,68.27526315789473,3
2021-05-15,2021-04-29,7650,7650.0,2021-05-14,6.4371,1,162.13142678643877,68.736,10,65.82909090909091,11,64.93909090909092,11,66.50139393939395,3
2021-04-29,2021-04-01,7550,7550.0,2021-04-29,6.4722,0,159.1442851835237,64.69722222222222,18,62.35526315789474,19,61.63894736842106,19,62.89714424951268,3
2021-04-01,2021-03-18,7450,7450.0,2021-04-01,6.5653,0,154.80954073121097,63.124,10,64.249,10,60.382000000000005,10,62.585,3
2021-03-18,2021-03-04,7675,7675.0,2021-03-18,6.5063,0,160.93122797404527,67.72900000000001,10,65.889,10,64.58700000000002,10,66.06833333333334,3
2021-03-04,2021-02-19,7440,7440.0,2021-03-04,6.47,0,156.8789522847606,65.44888888888889,9,61.63444444444443,9,61.87777777777779,9,62.987037037037034,3
2021-02-19,2021-01-30,7180,7180.0,2021-02-19,6.4577,0,151.68498889646867,61.082666666666675,15,59.08428571428573,14,57.882857142857155,14,59.34993650793652,3
2021-01-30,2021-01-16,6905,6905.0,2021-01-29,6.4277,1,146.55617088394342,55.20399999999999,10,54.84444444444444,9,52.65888888888888,9,54.23577777777778,3
2021-01-16,2021-01-01,6830,6830.0,2021-01-15,6.4809,1,143.7743486227354,54.343999999999994,10,54.073,10,51.423,10,53.28,3
2021-01-01,2020-12-18,6645,6645.0,2021-01-01,6.5267,0,138.89843735809026,50.712500000000006,8,49.7825,8,47.85875,8,49.451249999999995,3
2020-12-18,2020-12-04,6555,6555.0,2020-12-18,6.5376,0,136.78874859016813,50.186,10,49.309000000000005,10,47.003,10,48.83266666666666,3
2020-12-04,2020-11-20,6400,6400.0,2020-12-04,6.5316,0,133.67691642778183,47.127,10,45.31666666666667,9,45.006249999999994,8,45.81663888888889,3
2020-11-20,2020-11-06,6150,6150.0,2020-11-20,6.563,0,127.84058133997301,42.43900000000001,10,42.333000000000006,10,41.086999999999996,10,41.953,3
2020-11-06,2020-10-23,6000,6000.0,2020-11-06,6.6115,0,123.80759103546374,38.271,10,40.144999999999996,10,37.512,10,38.64266666666666,3
2020-10-23,2020-09-19,6160,6160.0,2020-10-23,6.6868,0,125.67775196124622,40.8524,25,41.2284,25,39.9432,25,40.67466666666667,3
2020-09-19,2020-08-22,6080,6080.0,2020-09-18,6.7693,1,122.53378340045718,42.08578947368421,19,42.451578947368425,19,40.58631578947368,19,41.7078947368421,3
2020-08-22,2020-07-11,6395,6395.0,2020-08-21,6.9195,1,126.08454644115768,43.98033333333333,30,43.461333333333336,30,41.49400000000001,30,42.97855555555555,3
2020-07-11,2020-06-29,6310,6310.0,2020-07-10,7.0018,1,122.94636222367609,42.803333333333335,9,42.71375,8,40.24125,8,41.919444444444444,3
2020-06-29,2020-03-18,6210,6210.0,2020-06-29,7.0811,0,119.64289082424376,28.59971014492754,69,31.07605633802817,71,26.740985915492963,71,28.80558413281622,3
2020-03-18,2020-02-19,6090,6090.0,2020-03-18,7.0474,0,117.89201641072356,44.475,20,46.01200000000001,20,40.757000000000005,20,43.74800000000001,3
2020-02-19,2020-02-05,7105,7105.0,2020-02-19,6.9983,0,138.50566983340076,56.125,10,54.513333333333335,9,51.20555555555555,9,53.94796296296297,3
2020-02-05,2019-12-31,7520,7520.0,2020-02-05,6.9738,0,147.1107392130757,62.538399999999996,25,64.13916666666667,24,56.600833333333334,24,61.092800000000004,3
2019-12-31,2019-12-03,7940,7940.0,2019-12-31,6.9632,0,155.56348306716956,67.65315789473685,19,64.08368421052631,19,60.2121052631579,19,63.982982456140356,3
2019-12-03,2019-11-19,7705,7705.0,2019-12-03,7.0613,0,148.8620534474085,64.34700000000001,10,61.583333333333336,9,57.46111111111111,9,61.13048148148149,3
2019-11-19,2019-11-05,7650,7650.0,2019-11-19,7.0276,0,148.50819730306006,62.472,10,61.275999999999996,10,56.61,9,60.11933333333334,3
2019-11-05,2019-10-22,7580,7580.0,2019-11-05,7.0097,0,147.525059846421,61.06600000000001,10,59.88099999999999,10,55.775,10,58.907333333333334,3
2019-10-22,2019-09-19,7475,7475.0,2019-10-22,7.0769,0,144.10006061455795,60.44043478260869,23,59.353043478260865,23,54.31739130434784,23,58.036956521739135,3
2019-09-19,2019-09-04,7625,7625.0,2019-09-19,7.0966,0,146.58365501316678,63.656363636363636,11,60.061818181818175,11,57.48363636363636,11,60.40060606060606,3
2019-09-04,2019-08-21,7500,7500.0,2019-09-04,7.146,0,143.18392949394217,59.47399999999999,10,58.75333333333333,9,55.06333333333334,9,57.76355555555555,3
2019-08-21,2019-08-07,7385,7385.0,2019-08-21,7.0632,0,142.6412122892174,58.434000000000005,10,58.666,10,55.161,10,57.42033333333333,3
2019-08-07,2019-07-10,7595,7595.0,2019-08-07,7.0602,0,146.75969472901397,62.617,20,62.12050000000001,20,56.3015,20,60.34633333333334,3
2019-07-10,2019-06-26,7675,7675.0,2019-07-10,6.8729,0,152.34716765376052,64.91,10,62.59,8,58.068749999999994,8,61.856249999999996,3
2019-06-26,2019-06-12,7525,7525.0,2019-06-26,6.8801,0,149.21338372469245,64.48499999999999,10,61.041999999999994,10,55.315,10,60.28066666666666,3
2019-06-12,2019-05-28,7645,7645.0,2019-06-12,6.9177,0,150.76890861512868,64.7481818181818,11,62.82181818181819,11,53.76545454545454,11,60.44515151515151,3
2019-05-28,2019-05-14,8110,8110.0,2019-05-28,6.9102,0,160.11287740688056,71.81777777777779,9,70.40666666666667,9,61.138888888888886,9,67.78777777777778,3
2019-05-14,2019-04-27,8060,8060.0,2019-05-14,6.876,0,159.91720812331798,71.58916666666667,12,70.33083333333333,12,62.196666666666665,12,68.03888888888889,3
2019-04-27,2019-04-13,8135,8135.0,2019-04-26,6.7298,1,164.91168335724265,72.01666666666667,9,70.66666666666667,9,64.61999999999999,9,69.10111111111111,3
2019-04-13,2019-03-29,7940,7940.0,2019-04-12,6.7044,1,161.568469257997,70.434,10,69.47,10,63.230999999999995,10,67.71166666666666,3
2019-03-29,2019-03-01,7990,7990.0,2019-03-29,6.7121,0,162.39938732951038,66.25999999999999,20,66.71300000000002,20,58.271,20,63.74800000000001,3
2019-03-01,2019-02-15,7910,7910.0,2019-03-01,6.7064,0,160.91000773181742,65.57300000000001,10,64.74111111111112,9,56.39888888888889,9,62.23766666666668,3
2019-02-15,2019-01-29,7640,7640.0,2019-02-15,6.773,0,153.88925895271916,62.426153846153845,13,62.17153846153846,13,53.871538461538464,13,59.48974358974359,3
2019-01-29,2019-01-15,7590,7590.0,2019-01-29,6.7329,0,153.79267009545296,60.910000000000004,10,59.087777777777774,9,52.652222222222214,9,57.54999999999999,3
2019-01-15,2018-12-29,7345,7345.0,2019-01-15,6.761,0,148.2097891909965,57.355999999999995,10,56.95,11,49.7,10,54.66866666666667,3
2018-12-29,2018-12-15,7240,7240.0,2018-12-28,6.8785,1,143.59550653166175,53.61142857142857,7,57.69222222222223,9,46.32125,8,52.541633597883596,3
2018-12-15,2018-12-01,7610,7610.0,2018-12-14,6.9077,1,150.29592794216768,59.987999999999985,10,59.81,10,52.084,10,57.294000000000004,3
2018-12-01,2018-11-17,7735,7735.0,2018-11-30,6.9605,1,151.60583111110415,59.934000000000005,10,65.9388888888889,9,52.503750000000004,8,59.45887962962963,3
2018-11-17,2018-11-03,8275,8275.0,2018-11-16,6.938,1,162.71580244748165,68.27599999999998,10,69.286,10,59.245000000000005,10,65.60233333333333,3
2018-11-03,2018-10-20,8785,8785.0,2018-11-02,6.8907,1,173.92998068001216,76.16,10,77.88699999999999,10,66.241,10,73.42933333333332,3
2018-10-20,2018-10-01,9160,9160.0,2018-10-19,6.9297,1,180.33377143021275,82.82571428571428,14,81.58,14,72.58785714285713,14,78.99785714285714,3
2018-10-01,2018-09-18,8995,8995.0,2018-10-01,6.8689,0,178.65287075897797,81.2811111111111,9,77.5688888888889,9,72.46777777777778,9,77.10592592592593,3
2018-09-18,2018-09-04,8755,8755.0,2018-09-18,6.8616,0,174.07114207052365,77.59100000000001,10,75.955,10,68.775,10,74.107,3
2018-09-04,2018-08-21,8610,8610.0,2018-09-04,6.8443,0,171.6208859149862,75.67999999999999,10,72.80555555555556,9,69.4211111111111,9,72.63555555555554,3
2018-08-21,2018-08-07,8430,8430.0,2018-08-21,6.8472,0,167.96182568407684,70.414,10,71.211,10,66.58900000000001,10,69.40466666666667,3
2018-08-07,2018-07-24,8480,8480.0,2018-08-07,6.8318,0,169.3388997372731,73.47,10,72.574,10,69.687,10,71.91033333333333,3
2018-07-24,2018-07-10,8410,8410.0,2018-07-24,6.7915,0,168.93759844858639,72.49,10,72.702,10,69.52099999999999,10,71.571,3
2018-07-10,2018-06-26,8535,8535.0,2018-07-10,6.6299,0,175.62752166191086,76.631,10,74.39333333333333,9,74.21555555555557,9,75.07996296296297,3
2018-06-26,2018-06-09,8265,8265.0,2018-06-26,6.5793,0,171.37962714884702,74.02333333333333,12,73.47916666666667,12,67.31583333333334,12,71.6061111111111,3
2018-06-09,2018-05-26,8320,8320.0,2018-06-08,6.4067,1,177.1678698146643,74.58666666666666,9,74.07444444444444,9,66.06444444444445,9,71.57518518518519,3
2018-05-26,2018-05-12,8450,8450.0,2018-05-25,6.3918,1,180.35556897657113,78.672,10,74.56800000000001,10,71.137,10,74.79233333333333,3
2018-05-12,2018-04-27,8190,8190.0,2018-05-11,6.3341,1,176.3985502752991,75.42555555555556,9,71.68400000000001,10,69.46900000000001,10,72.19285185185186,3
2018-04-27,2018-04-13,8090,8090.0,2018-04-27,6.3332,0,174.26948343595487,74.18700000000001,10,68.059,10,67.72900000000001,10,69.99166666666667,3
2018-04-13,2018-03-29,7835,7835.0,2018-04-13,6.275,0,170.341825059924,69.37000000000002,9,66.14,10,64.548,10,66.686,3
2018-03-29,2018-03-01,7780,7780.0,2018-03-29,6.2898,0,168.7480590177466,66.106,20,61.938,20,62.81199999999999,20,63.618666666666655,3
2018-03-01,2018-02-10,7610,7610.0,2018-03-01,6.3582,0,163.28507776510835,64.78928571428573,14,62.14692307692307,13,61.68076923076923,13,62.872326007326,3
2018-02-10,2018-01-27,7800,7800.0,2018-02-09,6.2969,1,168.9910995204401,66.75,10,64.735,10,63.66600000000001,10,65.05033333333334,3
2018-01-27,2018-01-13,7970,7970.0,2018-01-26,6.3202,1,172.03765936742036,69.71400000000001,10,66.12777777777777,9,64.53,9,66.7905925925926,3
2018-01-13,2017-12-29,7905,7905.0,2018-01-12,6.461,1,166.91607299373953,68.73222222222222,9,65.42777777777778,9,62.41444444444445,9,65.52481481481482,3
2017-12-29,2017-11-17,7725,7725.0,2017-12-29,6.5067,0,161.96968216893694,63.94892857142857,28,60.852142857142844,28,57.793214285714285,28,60.864761904761906,3
2017-11-17,2017-11-03,7655,7655.0,2017-11-17,6.6268,0,157.59315742245036,62.904999999999994,10,61.043000000000006,10,56.43300000000001,10,60.12700000000001,3
2017-11-03,2017-09-30,7390,7390.0,2017-11-03,6.639,0,151.85804170527334,57.934400000000004,25,55.5208,25,51.9684,25,55.141200000000005,3
2017-09-30,2017-09-16,7240,7240.0,2017-09-29,6.6534,1,148.45367656807576,57.891999999999996,10,53.563,10,50.949000000000005,10,54.13466666666667,3
2017-09-16,2017-08-05,7030,7030.0,2017-09-15,6.5526,1,146.36515361741164,52.708999999999996,30,51.07241379310344,29,48.08310344827586,29,50.621505747126434,3
2017-08-05,2017-07-22,6935,6935.0,2017-08-04,6.729,1,140.6021502498704,50.996,10,48.792,10,48.893,10,49.56033333333334,3
2017-07-22,2017-06-24,6760,6760.0,2017-07-21,6.7669,1,136.28653898056098,47.356,20,46.80947368421053,19,45.42055555555555,18,46.52867641325536,3
2017-06-24,2017-06-10,6685,6685.0,2017-06-23,6.8367,1,133.39849006478576,45.40399999999999,10,46.631,10,44.19499999999999,10,45.41,3
2017-06-10,2017-05-26,6935,6935.0,2017-06-09,6.798,1,139.17503221997322,48.755,10,48.67111111111111,9,47.416666666666664,9,48.28092592592592,3
2017-05-26,2017-05-12,7115,7115.0,2017-05-26,6.8556,0,141.58767805521137,52.166999999999994,10,50.581999999999994,10,49.729,10,50.826,3
2017-05-12,2017-04-13,6975,6975.0,2017-05-12,6.8994,0,137.92052858976882,49.583999999999996,20,50.807500000000005,20,48.6175,20,49.66966666666667,3
2017-04-13,2017-03-29,7225,7225.0,2017-04-13,6.89,0,143.05882539299103,53.65090909090909,11,52.72636363636364,11,51.81000000000001,11,52.72909090909091,3
2017-03-29,2017-03-15,7025,7025.0,2017-03-29,6.89,0,139.09871949975943,50.385000000000005,10,51.15,10,47.789,10,49.77466666666667,3
2017-03-15,2017-02-15,7255,7255.0,2017-03-15,6.9147,0,143.1396989599495,53.595000000000006,20,53.45263157894737,19,51.93526315789474,19,52.99429824561404,3
2017-02-15,2017-01-26,7340,7340.0,2017-02-15,6.8711,0,145.7356546230179,54.89714285714286,14,54.17357142857143,14,53.10714285714287,14,54.05928571428572,3
2017-01-26,2017-01-13,7290,7290.0,2017-01-26,6.8817,0,144.51995496448944,54.52222222222222,9,53.5825,8,52.2275,8,53.444074074074074,3
2017-01-13,2016-12-29,7360,7360.0,2017-01-13,6.9005,0,145.5101470097319,54.55499999999999,10,53.568,10,52.74499999999999,10,53.62266666666667,3
2016-12-29,2016-12-15,7120,7120.0,2016-12-29,6.9553,0,139.65617786657887,54.1425,8,51.96888888888889,9,52.48222222222222,9,52.86453703703703,3
2016-12-15,2016-12-01,7020,7020.0,2016-12-15,6.9443,0,137.9128276591209,52.57899999999999,10,51.378,10,51.42100000000001,10,51.79266666666666,3
2016-12-01,2016-11-17,6585,6585.0,2016-12-01,6.8865,0,130.45275426177858,46.842,10,44.72777777777778,9,47.346666666666664,9,46.30548148148148,3
2016-11-17,2016-10-20,6410,6410.0,2016-11-17,6.8783,0,127.1372873849524,45.46300000000001,20,45.043499999999995,20,46.4045,20,45.637,3
2016-10-20,2016-09-19,6775,6775.0,2016-10-20,6.7454,0,137.02430772791612,48.59086956521739,23,46.99409090909091,22,48.40999999999999,23,47.998320158102764,3
2016-09-19,2016-09-02,6420,6420.0,2016-09-19,6.6685,0,131.3417800555052,46.78272727272727,11,43.774,10,44.887,10,45.14790909090909,3
2016-09-02,2016-08-19,6575,6575.0,2016-09-02,6.6805,0,134.2711826575136,47.982,10,43.535000000000004,10,46.077000000000005,10,45.864666666666665,3
2016-08-19,2016-08-05,6370,6370.0,2016-08-19,6.6532,0,130.61855616831676,46.11599999999999,10,42.82,10,45.135,10,44.690333333333335,3
2016-08-05,2016-07-22,6195,6195.0,2016-08-05,6.6565,0,126.9671583407534,41.714999999999996,10,41.01222222222222,9,41.323,10,41.35007407407408,3
2016-07-22,2016-06-09,6415,6415.0,2016-07-22,6.6795,0,131.02335984130957,46.65548387096774,31,44.949666666666666,30,46.927666666666674,30,46.177605734767035,3
2016-06-09,2016-05-26,6570,6570.0,2016-06-09,6.562,0,136.59197005538107,49.41444444444445,9,46.31777777777778,9,49.687777777777775,9,48.47333333333333,3
2016-05-26,2016-05-12,6460,6460.0,2016-05-26,6.557,0,134.40745557739965,48.331,10,44.248000000000005,10,48.044000000000004,10,46.87433333333334,3
2016-05-12,2016-04-27,6250,6250.0,2016-05-12,6.5168,0,130.84033576854065,44.65181818181818,11,41.757272727272735,11,44.91545454545454,11,43.774848484848484,3
2016-04-27,2016-01-14,6130,6130.0,2016-04-27,6.495,0,128.75892569265685,36.00819444444445,72,32.74140845070423,71,35.23366197183099,71,34.66108828899323,3
2016-01-14,2015-12-02,5965,5965.0,2016-01-14,6.5902,0,123.48320088164314,35.82413793103448,29,33.459999999999994,29,35.66758620689655,29,34.98390804597701,3
2015-12-02,2015-11-18,6105,6105.0,2015-12-02,6.3988,0,130.16168362400148,43.159000000000006,10,41.27222222222222,9,40.31444444444444,9,41.58188888888889,3
2015-11-18,2015-11-04,6250,6250.0,2015-11-18,6.3849,0,133.54325050297194,44.00499999999999,10,43.013999999999996,10,42.623000000000005,10,43.214,3
2015-11-04,2015-10-21,6335,6335.0,2015-11-04,6.3359,0,136.40626907278858,47.150999999999996,10,45.88399999999999,10,45.408,10,46.14766666666666,3
2015-10-21,2015-09-17,6460,6460.0,2015-10-21,6.3493,0,138.80422821744278,48.40333333333333,24,46.43166666666667,24,46.26791666666666,24,47.034305555555555,3
2015-09-17,2015-09-02,6410,6410.0,2015-09-17,6.366,0,137.36858369775655,47.85272727272727,11,46.567,10,45.61200000000001,10,46.67724242424242,3
2015-09-02,2015-08-19,6320,6320.0,2015-09-02,6.3559,0,135.6550756773948,44.842222222222226,9,48.08200000000001,10,42.596,10,45.17340740740741,3
2015-08-19,2015-08-05,6445,6445.0,2015-08-19,6.3958,0,137.475108899697,47.55800000000001,10,49.641,10,42.981,10,46.72666666666667,3
2015-08-05,2015-07-22,6655,6655.0,2015-08-05,6.2097,0,146.20878425451568,52.834,10,54.074444444444445,9,47.17700000000001,10,51.36181481481483,3
2015-07-22,2015-07-08,6875,6875.0,2015-07-22,6.2094,0,151.04942992077628,57.013,10,57.347,10,51.388999999999996,10,55.24966666666666,3
2015-07-08,2015-06-09,7140,7140.0,2015-07-08,6.209,0,156.88180494054643,60.405238095238104,21,61.18449999999999,20,58.48499999999998,20,60.02491269841269,3
2015-06-09,2015-05-12,7235,7235.0,2015-06-09,6.2057,0,159.0537027954826,63.0778947368421,19,63.24368421052632,19,59.17052631578947,19,61.83070175438596,3
2015-05-12,2015-04-25,7345,7345.0,2015-05-12,6.2089,0,161.3887137367855,64.20083333333335,12,62.47083333333334,12,59.038333333333334,12,61.903333333333336,3
2015-04-25,2015-04-11,7090,7090.0,2015-04-24,6.1935,1,156.1730595745154,60.265,10,58.00899999999999,10,55.459,10,57.911,3
2015-04-11,2015-03-27,6790,6790.0,2015-04-10,6.2085,1,149.2035354865447,55.74444444444444,9,55.261,10,50.50222222222222,9,53.83588888888889,3
2015-03-27,2015-02-28,6670,6670.0,2015-03-27,6.215,0,146.4133664208517,56.089999999999996,20,55.50200000000001,20,47.787,20,53.12633333333334,3
2015-02-28,2015-02-10,6910,6910.0,2015-02-27,6.2696,1,150.36066540621925,59.69538461538461,13,55.48,12,50.43083333333334,12,55.20207264957265,3
2015-02-10,2015-01-27,6520,6520.0,2015-02-10,6.241,0,142.52447125497827,52.706999999999994,10,51.259,10,49.192,10,51.05266666666666,3
2015-01-27,2015-01-13,6230,6230.0,2015-01-27,6.2435,0,136.13066183646816,46.583333333333336,9,45.66777777777778,9,46.646666666666675,9,46.29925925925926,3
2015-01-13,2014-12-27,6595,6595.0,2015-01-13,6.1975,0,145.17582068639877,51.224545454545456,11,51.556363636363635,11,49.96545454545455,11,50.915454545454544,3
2014-12-27,2014-12-13,6775,6775.0,2014-12-26,6.2129,1,148.7684922255123,59.29333333333333,9,60.53,9,55.75222222222222,9,58.52518518518519,3
2014-12-13,2014-11-15,7295,7295.0,2014-12-12,6.1869,1,160.86005953211398,71.77000000000001,19,70.75473684210526,19,68.83578947368422,19,70.45350877192982,3
2014-11-15,2014-11-01,7465,7465.0,2014-11-14,6.1295,1,166.15016926061617,81.46900000000001,10,79.20599999999999,10,77.369,10,79.348,3
2014-11-01,2014-10-18,7655,7655.0,2014-10-31,6.1127,1,170.84730734488755,85.57,10,86.65299999999999,10,81.707,10,84.64333333333333,3
2014-10-18,2014-09-30,7900,7900.0,2014-10-17,6.124,1,175.9899770366496,88.85230769230769,13,89.71923076923076,13,86.46615384615384,13,88.34589743589743,3
2014-09-30,2014-09-17,8200,8200.0,2014-09-30,6.1385,0,182.241641081533,95.44333333333333,9,96.5688888888889,9,92.99444444444444,9,95.00222222222222,3
2014-09-17,2014-09-02,8300,8300.0,2014-09-17,6.139,0,184.44907616569037,98.15636363636364,11,98.10363636363635,11,93.41636363636363,11,96.55878787878787,3
2014-09-02,2014-08-19,8440,8440.0,2014-09-02,6.1483,0,187.2765592609712,100.41333333333334,9,101.37666666666668,9,95.35444444444444,9,99.04814814814814,3
2014-08-19,2014-07-22,8545,8545.0,2014-08-19,6.1413,0,189.8225395838863,103.7435,20,104.125,20,99.345,20,102.40449999999998,3
2014-07-22,2014-06-24,8735,8735.0,2014-07-22,6.203,0,192.11317676457656,108.07315789473684,19,105.55722222222224,18,104.21578947368421,19,105.94872319688109,3
2014-06-24,2014-05-24,8980,8980.0,2014-06-24,6.2311,0,196.61092250742507,111.21363636363635,22,104.0,20,105.30619047619047,21,106.83994227994226,3
2014-05-24,2014-05-10,8815,8815.0,2014-05-23,6.2365,1,192.83124946883902,110.125,10,104.0,10,102.86800000000001,10,105.66433333333333,3
2014-05-10,2014-04-25,8745,8745.0,2014-05-09,6.2277,1,191.5702895050961,108.81500000000001,10,104.0,10,100.399,10,104.40466666666667,3
2014-04-25,2014-03-27,8795,8795.0,2014-04-25,6.2537,0,191.86458806018484,107.3905,20,,0,102.1995,20,104.795,2
2014-03-27,2014-02-27,8640,8640.0,2014-03-27,6.2128,0,189.72405339115934,107.67450000000001,20,,0,100.82300000000001,20,104.24875,2
2014-02-27,2014-01-25,8775,8775.0,2014-02-27,6.1284,0,195.34218742111182,108.8826086956522,23,,0,99.96086956521737,23,104.42173913043479,2
2014-01-25,2014-01-11,8570,8570.0,2014-01-24,6.0489,1,193.28601953199208,108.48400000000001,10,,0,94.40333333333334,9,101.44366666666667,2
2014-01-11,2013-12-13,8700,8700.0,2014-01-10,6.0521,1,196.1142641050056,109.36444444444446,18,,0,96.32388888888889,18,102.84416666666667,2
2013-12-13,2013-11-29,8535,8535.0,2013-12-13,6.0713,0,191.78642232574617,110.69099999999999,10,,0,96.718,10,103.7045,2
2013-11-29,2013-11-15,8475,8475.0,2013-11-29,6.0932,0,189.75372004611586,110.20888888888888,9,,0,93.49666666666666,9,101.85277777777776,2
2013-11-15,2013-11-01,8315,8315.0,2013-11-15,6.0922,0,186.20190789887081,105.81799999999998,10,,0,94.125,10,99.97149999999999,2
2013-11-01,2013-09-30,8475,8475.0,2013-11-01,6.0995,0,189.55772882777165,108.93916666666667,24,,0,100.28916666666667,24,104.61416666666668,2
2013-09-30,2013-09-14,8550,8550.0,2013-09-30,6.1215,0,190.54795239510418,109.2490909090909,11,,0,104.44818181818181,11,106.84863636363636,2
2013-09-14,2013-08-31,8795,8795.0,2013-09-13,6.1188,1,196.09458951951007,114.46555555555557,9,,0,108.54000000000002,9,111.5027777777778,2
2013-08-31,2013-07-20,8705,8705.0,2013-08-30,6.1195,1,194.06573511398213,110.45399999999998,30,,0,106.22766666666668,30,108.34083333333334,2
2013-07-20,2013-07-06,8470,8470.0,2013-07-19,6.1379,1,188.2606817877261,108.835,10,,0,105.793,10,107.314,2
2013-07-06,2013-06-22,8145,8145.0,2013-07-05,6.1326,1,181.19344211880602,103.0988888888889,9,,0,97.97222222222223,9,100.53555555555556,2
2013-06-22,2013-06-07,8225,8225.0,2013-06-21,6.1334,1,182.94925408085828,103.66099999999999,10,,0,96.505,10,100.083,2
2013-06-07,2013-05-10,8125,8125.0,2013-06-07,6.1335,0,180.72200051803267,102.56736842105263,19,,0,94.2921052631579,19,98.42973684210526,2
2013-05-10,2013-04-25,8220,8220.0,2013-05-10,6.1417,0,182.5909482292243,102.62999999999998,11,,0,94.44090909090909,11,98.53545454545454,2
2013-04-25,2013-03-27,8125,8125.0,2013-04-25,6.1711,0,179.62087637169276,102.556,20,,0,92.0885,20,97.32225,2
2013-03-27,2013-02-25,8520,8520.0,2013-03-27,6.214,0,187.0528679024743,109.0190909090909,22,,0,92.68318181818182,22,100.85113636363636,2
2013-02-25,2012-11-16,8830,8830.0,2013-02-25,6.2339,0,193.23994161483859,112.41969696969697,66,,0,91.91545454545454,66,102.16757575757575,2
2012-11-16,2012-09-11,8530,8530.0,2012-11-16,6.2356,0,186.62370543751902,111.015625,48,,0,89.77083333333333,48,100.39322916666666,2
2012-09-11,2012-08-11,8840,8840.0,2012-09-11,6.3351,0,190.3683806905906,114.56952380952382,21,,0,95.61714285714285,21,105.09333333333333,2
2012-08-11,2012-07-12,8290,8290.0,2012-08-10,6.3604,1,177.8140717723657,107.07857142857144,21,,0,90.2104761904762,21,98.64452380952382,2
2012-07-12,2012-06-10,7900,7900.0,2012-07-12,6.3735,0,169.10059141326462,95.5304347826087,23,,0,82.94434782608695,23,89.23739130434782,2
2012-06-10,2012-05-11,8320,8320.0,2012-06-08,6.3702,2,178.1830070549763,105.21526315789474,19,,0,88.96578947368421,19,97.09052631578948,2
2012-05-11,2012-03-21,8850,8850.0,2012-05-11,6.3102,0,191.33577144831838,119.12909090909092,33,,0,102.80083333333334,36,110.96496212121212,2
2012-03-21,2012-02-09,9180,9180.0,2012-03-21,6.3228,0,198.07481635357468,124.03928571428573,28,,0,105.59357142857142,28,114.81642857142857,2
2012-02-09,2011-10-10,8580,8580.0,2012-02-09,6.2951,0,185.94336230199445,110.50060240963855,83,,0,96.80988095238096,84,103.65524168100976,2
2011-10-10,2011-04-08,8280,8280.0,2011-10-10,6.3483,0,177.93808824736334,114.25354838709679,124,,0,94.35629921259843,127,104.30492379984761,2
2011-04-08,2011-02-21,8580,8580.0,2011-04-08,6.5353,0,179.10915490142534,115.43588235294118,34,,0,102.87705882352941,34,109.1564705882353,2
2011-02-21,2010-12-23,8080,8080.0,2011-02-21,6.5672,0,167.8522408357247,97.76128205128202,39,,0,88.284358974359,39,93.02282051282052,2
2010-12-23,2010-10-27,7730,7730.0,2010-12-23,6.6475,0,158.641633577846,87.55475,40,,0,85.9835,40,86.769125,2
2010-10-27,2010-06-02,7420,7420.0,2010-10-27,6.681,0,151.51598687651017,77.53495145631068,103,,0,77.04737864077669,103,77.29116504854369,2
2010-06-02,2010-04-15,7190,7190.0,2010-06-02,6.8298,0,143.62066374958917,78.86454545454546,33,,0,76.94000000000001,33,77.90227272727273,2
2010-04-15,2009-11-11,7420,7420.0,2010-04-15,6.8261,0,148.29526498615087,76.78066666666668,105,,0,78.32704761904762,105,77.55385714285714,2
2009-11-11,2009-10-12,7100,7100.0,2009-11-11,6.8259,0,141.90393954716296,75.97454545454546,22,,0,78.66500000000002,22,77.31977272727275,2
2009-10-12,2009-10-01,6620,6620.0,2009-10-12,6.8234,0,132.35891049982442,68.08428571428571,7,,0,71.00714285714285,7,69.54571428571428,2
2009-10-01,2009-09-03,6620,6620.0,2009-10-01,6.8265,0,132.29880464432756,67.60684210526317,19,,0,69.69473684210527,19,68.65078947368423,2
2009-09-03,2009-07-30,6810,6810.0,2009-09-03,6.8306,0,136.01421002966788,71.8368,25,,0,70.60960000000001,25,71.2232,2
2009-07-30,2009-07-01,6510,6510.0,2009-07-30,6.8323,0,129.9900426828595,63.94899999999999,20,,0,63.6385,20,63.793749999999996,2
2009-07-01,2009-06-02,6730,6730.0,2009-07-01,6.8341,0,134.34755288727163,68.74571428571427,21,,0,69.72619047619048,21,69.23595238095237,2
2009-06-02,2009-05-20,6130,6130.0,2009-06-02,6.8308,0,122.42917701789048,62.47125,8,,0,64.5125,8,63.491875,2
2009-05-20,2009-04-02,5730,5730.0,2009-05-20,6.825,0,114.53757702052381,52.65333333333333,33,,0,52.82272727272728,33,52.7380303030303,2
2009-04-02,2009-03-26,5730,5730.0,2009-04-02,6.8345,0,114.37836903432219,48.56,5,,0,50.322,5,49.441,2
2009-03-26,2009-01-15,5730,5730.0,2009-03-26,6.8322,0,114.41687350561678,44.420416666666675,48,,0,43.00541666666667,48,43.71291666666667,2
2009-01-15,2008-12-20,5440,5440.0,2009-01-15,6.8365,0,108.55781836301395,40.25941176470588,17,,0,39.53294117647059,17,39.89617647058823,2
2008-12-20,2008-06-21,5580,5580.0,2008-12-19,6.8445,1,111.22143559964947,90.00811023622049,127,,0,93.66708661417324,127,91.83759842519686,2
2008-06-21,2007-11-02,6480,6480.0,2008-06-20,6.8801,1,128.49205668252586,104.04458598726116,157,,0,105.6990506329114,158,104.87181831008627,2
2007-11-02,2007-01-15,5480,5480.0,2007-11-02,7.4555,0,100.27664826767058,69.6699014778325,203,,0,69.08647058823529,204,69.3781860330339,2
2007-01-15,2006-05-25,4980,4980.0,2007-01-15,7.7931,0,87.17964958087333,64.72521472392637,163,,0,65.59082278481011,158,65.15801875436824,2
2006-05-25,2006-03-27,5200,5200.0,2006-05-25,8.025,0,88.40041990199452,69.61756097560976,41,,0,69.71380952380953,42,69.66568524970964,2
2006-03-27,2005-07-24,4700,4700.0,2006-03-27,8.0214,0,79.93623877410327,60.22908045977012,174,,0,62.41621301775147,169,61.322646738760795,2
2005-07-24,2005-06-26,4400,4400.0,2005-07-22,8.1111,2,74.0063433191606,57.1235,20,,0,58.68000000000001,19,57.90175000000001,2
2005-06-26,2005-05-25,4100,4100.0,2005-06-24,8.2765,2,67.58233031951853,53.02409090909091,22,,0,55.35285714285716,21,54.18847402597403,2
2005-05-25,2005-05-11,3900,3900.0,2005-05-25,8.2765,0,64.28563127954203,47.29700000000001,10,,0,48.452,10,47.874500000000005,2
2005-05-11,2005-03-24,4050,4050.0,2005-05-11,8.2765,0,66.75815555952441,51.39545454545454,33,,0,52.652121212121216,33,52.02378787878788,2
2005-03-24,2004-08-26,4050,4050.0,2005-03-24,8.2765,0,66.75815555952441,45.21597315436241,149,,0,48.34132867132867,143,46.778650912845535,2
2004-08-26,2004-05-19,3750,3750.0,2004-08-26,8.2766,0,61.812360157776794,38.5525352112676,71,,0,41.162647058823524,68,39.85759113504557,2
2004-05-19,2004-04-01,3510,3510.0,2004-05-19,8.2769,0,57.85427207730149,35.06117647058824,34,,0,38.14545454545454,33,36.60331550802139,2
2004-04-01,2003-12-07,3510,3510.0,2004-04-01,8.2769,0,57.85427207730149,31.624074074074077,81,,0,34.76884615384615,78,33.196460113960114,2
2003-12-07,2003-07-02,3210,3210.0,2003-12-05,8.2769,2,52.90946249804495,28.752589285714286,112,,0,30.410925925925923,108,29.581757605820105,2
2003-07-02,2003-05-11,3010,3010.0,2003-07-02,8.2775,0,49.60932655339204,27.29078947368421,38,,0,30.005135135135138,37,28.647962304409674,2
2003-05-11,2003-02-02,2920,2920.0,2003-05-09,8.2768,2,48.13006140340929,28.84042857142857,70,,0,31.77647058823529,68,30.30844957983193,2
2003-02-02,2002-10-12,3210,3210.0,2003-01-31,8.2768,2,52.91010174826844,27.80636363636364,77,,0,29.4264,75,28.61638181818182,2
2002-10-12,2002-05-05,3020,3020.0,2002-10-11,8.2769,1,49.777749764515804,26.282946428571424,112,,0,27.722432432432438,111,27.00268943050193,2
2002-05-05,2002-04-05,2820,2820.0,2002-05-03,8.2773,2,46.47896384347012,25.606000000000005,20,,0,26.030499999999996,20,25.81825,2
2002-04-05,2002-03-05,2580,2580.0,2002-04-05,8.277,0,42.52484860412185,24.52478260869565,23,,0,25.340454545454545,22,24.932618577075097,2
2002-03-05,2002-01-02,2320,2320.0,2002-03-05,8.2765,0,38.24170886372757,19.95954545454546,44,,0,20.350714285714282,42,20.15512987012987,2
2002-01-02,2001-11-25,2190,2190.0,2002-01-02,8.2766,0,36.09841833214164,18.782,25,,0,19.406399999999998,25,19.0942,2
2001-11-25,2001-10-18,2420,2420.0,2001-11-23,8.2769,2,39.88813060600273,19.319615384615382,26,,0,20.544166666666666,24,19.931891025641022,2
2001-10-18,2001-09-10,2780,2780.0,2001-10-18,8.277,0,45.82134849591424,22.898928571428577,28,,0,24.09035714285714,28,23.494642857142857,2
2001-09-10,2001-08-09,2530,2530.0,2001-09-10,8.2767,0,41.70223512936619,26.086363636363636,22,,0,27.302380952380947,21,26.694372294372293,2
2001-08-09,2001-07-04,2530,2530.0,2001-08-09,8.2773,0,41.69921224254589,24.683846153846154,26,,0,26.770384615384618,26,25.727115384615388,2
2001-07-04,2001-06-06,2810,2810.0,2001-07-04,8.2769,0,46.316383059036234,27.314999999999998,20,,0,27.392631578947363,19,27.35381578947368,2
2001-06-06,2001-05-15,3260,3260.0,2001-06-06,8.2772,0,53.731649899864635,29.000000000000004,15,,0,28.638666666666662,15,28.819333333333333,2
2001-05-15,2001-04-10,3070,3070.0,2001-05-15,8.2769,0,50.6018846943919,26.898400000000002,25,,0,27.989166666666666,24,27.443783333333336,2
2001-04-10,2001-03-07,2970,2970.0,2001-04-10,8.2769,0,48.953614834639716,24.227083333333336,24,,0,26.97875,24,25.60291666666667,2
2001-03-07,2001-02-06,3080,3080.0,2001-03-07,8.2773,0,50.76425838222978,26.81761904761905,21,,0,29.112000000000002,20,27.964809523809528,2
2001-02-06,2001-01-14,2870,2870.0,2001-02-06,8.2766,0,47.30705964075184,26.874117647058824,17,,0,30.500625000000003,16,28.687371323529412,2
2001-01-14,2000-12-21,3035,3035.0,2001-01-12,8.2768,2,50.02559464361206,23.921538461538464,13,,0,27.67928571428572,14,25.800412087912093,2
2000-12-21,2000-11-18,3165,3165.0,2000-12-21,8.2768,0,52.16837134992823,29.008750000000003,24,,0,31.24217391304348,23,30.12546195652174,2
2000-11-18,2000-10-20,3185,3185.0,2000-11-17,8.2769,1,52.4973950331069,31.789499999999997,20,,0,33.7905,20,32.79,2
2000-10-20,2000-09-20,3435,3435.0,2000-10-20,8.2778,0,56.61191390888637,30.63545454545454,22,,0,32.517727272727264,22,31.576590909090903,2
2000-09-20,2000-08-18,3615,3615.0,2000-09-20,8.2775,0,59.580636375585456,33.93782608695652,23,,0,34.08363636363637,22,34.010731225296446,2
2000-08-18,2000-07-15,3405,3405.0,2000-08-18,8.2797,0,56.10460904553603,27.772399999999998,25,,0,29.8248,25,28.7986,2
2000-07-15,2000-06-06,3135,3135.0,2000-07-14,8.2796,1,51.656409313062355,30.247857142857146,28,,0,31.665384615384614,26,30.95662087912088,2
2000-06-06,,2935,2935.0,2000-06-06,8.2773,0,48.37438258176766,,0,,0,,0,,0
